feature_total,mbti_i_e,mbti_n_s,mbti_f_t,mbti_j_p
선의의 옹호자 예언자 유형  인내심이 많고 통찰력과 직관력이 뛰어나며 양심이 바르고 화합을 추구한다  창의력이 뛰어나며  강한 직관력으로 말없이 타인에게 영향력을 끼친다  독창성과 내적 독립심이 강하며  확고한 신념과 열정으로 자신의 영감을 구현시켜 나가는 정신적 지도자들이 많다  한 곳에 몰두하는 경향으로 목적 달성에 필요한 주변적인 조건들을 경시하기 쉽고  자기 안의 갈등이 많고 복잡하다  이들은 풍부한 내적인 생활을 소유하고 있다 ,1,0,0,0
영감력이 뛰어나고 깊은 통찰력이 있다 ,1,0,0,0
특유의 페르소나를 사용해 타인에게 잘 맞춰주는 대표적인 유형이며 언쟁과 싸움을 조정하고자 한다 ,1,0,0,0
평소에는 온화하지만 자신의 신념에 어긋나는 일이나 인내심의 한계를 넘을 경우엔 불같이 화를 낼 수 있다  거기다 한번 화가 나면 스스로를 제어하기 힘들기도 하다 ,1,0,0,0
사람'에 대한 관심이 많다 ,1,0,0,0
"의미 없다고 느끼는 일에 "" "" 가 따른다  또한 어떤 일에 의미부여하는 것을 좋아한다 ",1,0,0,0
겉으로 티 내지 않으나 완벽주의가 강하다 ,1,0,0,0
이상적이고 창조적이나 동시에 염세적이다 ,1,0,0,0
타인에게 도움을 주는 것에 기뻐하지만  상처를 크게 받을 경우 가장 냉정하게 인간관계를 정리한다  ,1,0,0,0
특유의 깊고 따뜻한 속마음과 순수함이 있다  다만 겉으로 쉽게 잘 드러내지 않을 뿐이다 ,1,0,0,0
거짓말을 날카롭게 간파한다  하지만 분위기상 모른 척하거나 눈감아 주는 게 대부분이다 ,1,0,0,0
생각이 많아 현실과 동떨어져 있으며  이에 적응하기 어렵다  이때문에 간단한 일을 실수할 때가 있다 ,1,0,0,0
상대의 감정을 잘 파악하지만 자신의 감정을 잘 드러내지 않는다 ,1,0,0,0
상대의 장점을 굉장히 잘 알아낸다  동시에 단점 또한 잘 알아낸다 ,1,0,0,0
같은 나이에 비해서 조숙해 보인다  어른스럽다는 말을 많이 듣는 편이다  때론 애늙은이 소리를 듣는 경우도 있다 ,1,0,0,0
깨지지 않는 차분한 아우라를 지닌 사람들이 많다  신비로운 분위기를 내는 대표적인 유형이다 ,1,0,0,0
문제의 본질을 생각한다  ,1,0,0,0
비유와 은유를 잘한다 ,1,0,0,0
본인이 하는 말을 남들이 잘 이해하지 못하는 경우가 있다 ,1,0,0,0
독립심이 강하고 자기주관이 뚜렷하기 때문에 구속 받거나 강요 당하는 것을 아주 싫어한다 ,1,0,0,0
타인의 시선에서 보았을 때  내향적이면서도 외향적이다  단  이러한 인상에 다가가 섣불리 친해지려하면  호불호가 분명한 성격 특성상 경계할 가능성이 높다 ,1,0,0,0
사람과의 교제 시작이 어렵고   대체로 집돌이/집순이들이 많다 ,1,0,0,0
필요 시 페르소나를 사용한다  다른 사람이나 자신에 대해 표면적 성격 속에 내면적 성격이 하나 더 있다고 느낀다 ,1,0,0,0
거짓말을 잘 못하지만 특유의 솔직하고 '모든 것을 말하지 않는' 화법 때문에 페르소나를 잘 쓴다고 말할 수 있다  일부러 상대방을 속이려는 의도는 아니다 ,1,0,0,0
호불호가 분명하며  ‘불호’라고 생각하는 일이나 사람에게 관심이 없다 ,1,0,0,0
이들의 가장 명확한 목표 중 하나는 다른 사람들을 돕는 것이다  그들이 발전하고  진보하며  자립할 수 있도록 돕는다  ,1,0,0,0
조용히 책 읽는 것을 좋아하는 경우가 많고  사색을 즐기는 편이다 ,1,0,0,0
자아성찰을 꽤 냉정하게 하여 타인에게보다 본인 스스로에게 더 엄격하다 ,1,0,0,0
주위의 사소한 변화도 금방 알아채고 눈치가 얍삽할 정도로 매우 빠른 편이다 ,1,0,0,0
내성적이고 조용하지만 외향 감정을 활용하여 어느 상황에나 자신을 카멜레온처럼 보호색을 입혀 적당히 적응한다  ,1,0,0,0
상처를 잘 받는다  ,1,0,0,0
차분하면서도 감성적이다 ,1,0,0,0
속마음을 잘 드러내지 않는다 ,1,0,0,0
사람에 대한 통찰력이 높다  ,1,0,0,0
복잡한 의미와 사람들과의 관계를 직관적으로 잘 이해한다 ,1,0,0,0
상대의 감정  성향을 파악하고  그 눈높이에 맞춘다  따라서 만나는 사람에 따라 모습을 달리 한다고 비춰질 수 있다  ,1,0,0,0
이상주의적이며 옳고 그른 것에 대해 높은 수준의 감각을 갖고 있다  ,1,0,0,0
옳다고 확신이 생긴 신념은 끝까지 밀고 나간다 ,1,0,0,0
자신이 세운 기준이나 가치관이 비판당하거나 비난받을 경우 공격적이며 고집스러운 면모를 보이기도 한다 ,1,0,0,0
사람이 가진 가치관과 내면을 중요시 여긴다 ,1,0,0,0
사회적 불의에 민감하며  예의  도덕을 굉장히 중요하게 생각한다 [10],1,0,0,0
현실에서도 이상을 꿈꾼다  거기다 혼자만의 시간을 필요로 하고  즐긴다 [11],1,0,0,0
호기심이 많고 늘 의문을 달고 산다 [12],1,0,0,0
남에게 민폐 끼치는 걸 몹시 싫어한다 ,1,0,0,0
자신이 갖고 있는 고유한 가치관이 웬만해선 흔들리지 않는다 ,1,0,0,0
공감력이 뛰어나고 반응에 민감하여 유리멘탈로 보일 수 있으나  남에게 휘둘리는 성향은 아니다 [13],1,0,0,0
청렴결백한 논리주의자  세상의 소금형  신중하고 조용하며 집중력이 강하고 매사에 철저하며 사리분별력이 뛰어나다  실제 사실에 대하여 정확하고 체계적으로 기억하며 일 처리에 있어서도 신중하며 책임감이 강하다  집중력이 강한 현실감각을 지녔으며 조직적이고 침착하다  보수적인 경향이 있으며  문제를 해결하는데 과거의 경험을 잘 적용하며  반복되는 일상적인 일에 대한 인내력이 강하다  자신과 타인의 감정과 기분을 배려하며  전체적이고 타협적 방안을 고려하는 노력이 때로 필요하다  정확성과 조직력을 발휘하는 분야의 일을 선호한다 ,1,1,1,0
오래된 조직을 좋아한다 ,1,1,1,0
부하 직원을 부모와 자녀 관계같이 돌보려고 한다 ,1,1,1,0
선입견이 강하다 ,1,1,1,0
친숙하지 않은 장소에 나서기를 주저한다 ,1,1,1,0
지나고 난 다음에 따지는 편이다 ,1,1,1,0
주어진 업무나 책임을 끝까지 완수한다 ,1,1,1,0
우리나라에서는 장남 같다  장녀 같다 라는 소리를 잘 듣는다  ,1,1,1,0
변화에 적응이 더디다 ,1,1,1,0
원리 원칙적이다 ,1,1,1,0
교통체증을 미리 계산해서 약속시간을 지킨다 ,1,1,1,0
이유없이 돌아다니지 않는다 ,1,1,1,0
대인관계 폭이 자꾸 좁아지고 대신 할 일이 늘어 난다 ,1,1,1,0
실수한 것을 참지 못하고 즉각 수정하기를 원한다 ,1,1,1,0
남들이 속을 모른다라고 말한다 ,1,1,1,0
틀에 박힌 규칙적인 일을 좋아한다 ,1,1,1,0
휴일에도 집에서 주로 지낸다 ,1,1,1,0
참고 참았다가 확 터뜨리는 편이다 ,1,1,1,0
논리적  합리적이지 않으면 인정하지 않는다 ,1,1,1,0
웃음이 적다 ,1,1,1,0
반대 성향을 지닌 사람과 처음에는 원만히 지내나 결국 멀어진다 ,1,1,1,0
잘못했다는 건 인정하면서도 미안하다  잘못했다라고 잘 못한다 ,1,1,1,0
정리정돈을 해 놓는 것이 우선이다 ,1,1,1,0
직설적인 표현을 많이 하는 편이다  (주로 가까운 사람들한테 ),1,1,1,0
한국에서 제일 많은 유형이다 ,1,1,1,0
거의 모든 종류의 공무원 사무직  회사원  회계관련 직종에서 최고의 실력을 발휘한다  정해진 일을 형식대로 치밀하게 처리하는 면에서는 이들을 따라올 자가 없다 ,1,1,1,0
현실성  대중성을 중시하므로 취미를 가져도 일반적인 것  아니면 전통적인 것을 많이 선호한다 ,1,1,1,0
통제적인 군대나 단체 생활에도 매우 잘 적응한다 ,1,1,1,0
휴대폰 연락처는 별명보다는 (소속과) 이름 석 자만 적는 것을 선호한다 ,1,1,1,0
여행을 떠날 때는 교통편과 숙박  관광지  식당  예산 등 일정을 사전에 철두철미하게 계획한다 ,1,1,1,0
갈등을 표면화 하기보다는 가급적 뒤에서 조용히 해결한다  ,1,1,1,0
겉보기에 차가워 보인다는 소리를 종종 듣는다  ,1,1,1,0
"용감한 수호자형  임금 뒤편의 권력형  게으른 완벽주의자형  배려왕 서포터형 조용하고 차분하며 친근하고 책임감이 강하다  또 온정적이며 침착하고 인내력이 강하다  조용하지만 본인이 나름대로 존경하거나 좋아하는 사람에 대한 충성심과 애정이 특히 많다  친구나 지인으로써도 가장 믿음직스러운 성격이다  I 유형이므로 내향형이지만  내향형 성격 중에서는 외향성이 가장 강하다   본인의 감정을 파악하는 덴 능숙하지만 감정을 표현하는 덴 서툴다  본인의 감정이나 노력  관심등을 표현해도 타인이 알아채지 못하는 경우가 많으며 이러한 상황을 알지 못하는 ISFJ는 타인과의 관계에서 상당한 걱정을 한다  일 처리에 있어서는 현실 감각을 가지고 실제적이고 조직적이며 완벽주의적으로 처리한다  완벽한 결과물을 도출하지 못할 경우 극심한 스트레스를 받으며 게으른 자신에게서도 극심한 괴리감을 느낀다  경험을 통해서 자신이 틀렸다고 인정할 때까지 어떠한 난관이 있어도 꾸준히 밀고 나가는 형이다  때로 의존적이고 독창성이 요구되며 타인에게 자신을 충분히 명확하게 표현하는 것이 필요할 때가 있다  이들이 일을 하고  세상일에 대처할 때 그들의 행동은 분별력이 있다 
",1,1,0,0
눈치가 상당히 빠르기 때문에 상대가 어떤 사람이냐에 따라 성향과 분위기를 파악하고 그에 맞는 가면을 쓸 수 있다 ,1,1,0,0
자기 의견을 끝까지 주장하지 못 하고 다수 의견에 따르게 된다 ,1,1,0,0
자기주장이 강한 데 비하여 표현이 적어 속병이 많다  (위장병  심장병 등) ,1,1,0,0
개인 시간을 빼앗거나 방해받는 걸 굉장히 싫어한다 ,1,1,0,0
감정  시간  돈 낭비를 싫어한다 ,1,1,0,0
싸우는 것을 굉장히 싫어하며  그런 상황이 온다면 상당한 스트레스를 받는다 ,1,1,0,0
나가는 것을 귀찮아하지만 막상 나가면 잘 논다 ,1,1,0,0
여러 사람 앞에서 말하기 힘들어한다 ,1,1,0,0
약속과 신뢰를 삶의 모토라고 여길 만큼 중요하게 생각한다 ,1,1,0,0
외적인 면이 이상형이더라도 성격이 더럽거나 인성이 문제가 있다면 바로 손절하게 된다 ,1,1,0,0
끈기 있고 성실하며  안정감이 있다 ,1,1,0,0
치밀성과 반복을 요하는 일을 끝까지 해나가는 인내력이 있다 ,1,1,0,0
보수적이며  안정적이고 평화로운 삶을 원하기 때문에 새로운 변화를 좋아하지 않는다 ,1,1,0,0
조직에 안정감을 주며  우직한 나무 같은 느낌이다 ,1,1,0,0
많은 것을 가슴에 묻어 두지만 남에게 의존하는 것 또한 좋아하기 때문에 기본적으로 사람들에게 기대고 싶어하나 남에게 민폐끼치는 것을 정말로 싫어하기 때문에 본인의 감정이나 생각 등 불필요한 말을 잘 하지 않는다 ,1,1,0,0
남에게 싫은 소리를 잘 못하며 싫은 소리를 들은 경우엔 티는 안 내지만 매우 속상해 한다 ,1,1,0,0
다수보다 소수로 구성된 단체 활동을 선호한다 ,1,1,0,0
여행 시 짐이 많다 ,1,1,0,0
어른들이 좋아하나 본인은 힘들다 ,1,1,0,0
자식에 대한 애정이 각별한 가정적인 부모가 되기도 한다  ,1,1,0,0
가까운 사람들에겐 자상하고 배려하려 하지만 그 밖의 사람들에겐 무관심을 넘어 가차없고 단호한 면모를 보이기도 한다 ,1,1,0,0
거짓말과 오만하고 겸손하지 않은 허세 가득한 모습을 정말 싫어한다 ,1,1,0,0
가치관이 뚜렷한 편이나 다수의 사람들이 반대하면 기꺼이 수정한다 ,1,1,0,0
타인의 의견을 귀담아 들어준다 ,1,1,0,0
말을 생각없이 툭툭 내뱉는 것  상대방을 배려하지 않은 공격적인 말투  예의없는 행동을 굉장히 싫어한다  ISFJ를 상대할 때 이 부분은 주의할 필요가 있다 ,1,1,0,0
참고 참았다가 확 터뜨리는 편이다 ,1,1,0,0
파격적인 것을 그닥 선호하지 않는다 ,1,1,0,0
아는 범위 내에선 눈치가 몹시 빠르지만 나서는 것을 싫어하여 일부러 모르는 척을 하는 경우가 많다 ,1,1,0,0
한번 마음을 연 상대에겐 정이 많고 따뜻하고 헌신적으로 대하지만 상대방이 이것을 이용하거나 당연하게 여긴다면 차갑고 냉정하게 바뀐다 ,1,1,0,0
부적절한 단어 사용 한 번으로 그 사람에 대한 평가가 바닥까지 추락할 수 있다 ,1,1,0,0
솔직하지만 조용해서 남이 보기엔 속을 잘 알 수가 없다 ,1,1,0,0
기본적으로 정이 많지만 남용하지는 않는다 ,1,1,0,0
정해진 틀을 깨기를 망설인다 ,1,1,0,0
신세지는 것을 어려워한다 ,1,1,0,0
본인이 좋아하는 사람에겐 많은 표현을 하려고 노력하지만 평소 조용하며 항시 침묵을 지키는 ISFJ 특성상 본인도 모르는 본인의 한계가 있는듯하다  그래서 ISFJ가 이게 나의 최선이라며 하는 표현과 행동들을 다른 사람이 느끼지 못하는 경우가 종종 있다 ,1,1,0,0
자주 감정에 지배 당하곤 하는데 느끼는 전부를 드러내지 않아 겉으로 보기에는 차분하고 감정 조절에 능숙해 보인다 ,1,1,0,0
돕는 것을 좋아한다 ,1,1,0,0
쾌락주의와 먼 성격 중 하나이다 ,1,1,0,0
타인과 교류시 본인만의 기준선이 존재한다  타인이 모종의 행동으로 이 선을 넘으면 무시와 냉소 등의 천대를 받으며 완벽하게 눈 밖에 난 사람(아웃 오브 안중)이 되어버린다  하지만 ISFJ 성격상 겉으로 표현하지 않아 당사자는 알기 어렵다 ,1,1,0,0
권위를 존중하고 윗사람에게 예의 바르지만 상대방이 공익을 저해하거나 너무나 권위적인 태도를 보일 경우 반항적인 모습을 보이기도 한다 ,1,1,0,0
용의주도한 전략가 과학자형 건축가형 대부분의 사항에 마땅한 근거를 논해야 하는 합리적 성향이 강하다  그만큼 논리적 엄밀함을 중시하기 때문에 감성적인 논쟁 상황을 꺼림직해하며 객관성을 우선시한다  이러한 성향은 토론 상황이 아닌 일반적인 일상 상황에서도 유효하기 때문에 인간관계에서 냉소적으로 비춰지기도 한다  그럼에도 반대 의견에 관대하다고 알려져 있다  하지만 그만큼의 기발함과 합리성을 못 얻어내면  그 상대(opponent)를 오랫동안 경멸할 수 있다  직관으로 과감하게 상황을 끌고 나가기 때문에  구상과 회의에서 놀라운 제안을 펼치는 강점이 있다  이들의 정보 처리 방식은 ‘나무보다 숲’  ‘가지보다 뿌리’에 비유할 수 있다  목차와 분류(포함 관계)가 정리되지 않은 상황을 언짢아 하기 때문에 이를 체계적으로 구축하려 한다  다만  구축 과정에서 초기 목적의식을 잃고 일탈하는 상황에 자주 처하기도 한다   또 이들의 ‘완벽주의’ 성향과는 어울리지 않아보이는 ‘저조한 실천력’이 의외의 단점으로 꼽히기도 한다 ,1,0,1,0
논리적이고 객관적이다 ,1,0,1,0
감성이나 감정에 치우친 사고를 멀리 한다 ,1,0,1,0
이상적일 만큼 이론적이다 ,1,0,1,0
합리적이며 공정성을 중시한다 ,1,0,1,0
지식 축적 사고형보단  기존에 알고 있던 것들을 다각도로 합성시키는 사고형이다 ,1,0,1,0
발상이 완전히 독창적이기보단 ‘적합했던 경험들’을 재조합하여 만든 ‘우아한 솔루션’에 가깝다 ,1,0,1,0
마치 새로운 발상처럼 보이기도 하지만  경험적 사고를 은연중에 조합한 것이기 때문에 실제 현장에서도 이들의 직감에 대한 정확도가 다소 높은 편에 속한다  적중 사례를 자주 접하다 보니 자기 확신이 강해지는 계기가 되기도 한다 ,1,0,1,0
반면에  오히려 완전 신유형이나 경험하지 못했던 발상에 대해서는 굉장히 취약한 편이다 ,1,0,1,0
효율을 위하여 기초를 닦는 것이  막연히 시작하는 것보다 나은 가치로 여긴다 ,1,0,1,0
일관성 있게 정돈된 체계를 중시한다 ,1,0,1,0
상하 관계 없이 마구잡이로 나열된 것들의 포함 관계를 살피고  자신만의 목차를 만들어 정리하려고 한다 ,1,0,1,0
예외 상황이 많은 체계를 싫어한다  ,1,0,1,0
정리되지 않은 여러 가지 얕은 잡상식보다  하나 하나를 체계적이고 엄밀히 이해하려고 한다 ,1,0,1,0
흔히 ‘나무들보다 숲을 보며 사고하는 관점’으로 비유될 수 있다 ,1,0,1,0
세부 사항(지엽적인 것)을 무시하고  큰 목차나 큰 틀부터 이해한 뒤 되돌아와서 처리하려고 한다 ,1,0,1,0
세부 항목들간의 공통점을 찾아 묶어서  큰 항목으로 거슬러 올라간다  가끔은 못 말릴 정도로 거슬러 올라가는 탓에 초기 목적을 잃기도 한다  ,1,0,1,0
과거  현재  미래에 대한 자기 판단이  미래지향적(특히 미래낙관적)으로 다소 편중되어 있다 ,1,0,1,0
학문 분야에서 환원주의적 관점을 가지게 될 수 있다  예  자연과학(물리학)  수학  논리학  철학을 우선하는 성향  ,1,0,1,0
예술 분야에서 정통성  극사실주의적인 성향을 가지게 될 수 있다  ,1,0,1,0
객관적인 정보인지 아닌지 여부를 대개 언어를 갖고 판단하는 경향이 있다 ,1,0,1,0
관심을 끌기 위한 목적으로 자극적으로 쓴 제목에 현혹되지 않는다 ,1,0,1,0
꿀팁  역대급 드립(비표준어)을 일컫는 정보에 대한 신뢰도는 크게 하락한다 ,1,0,1,0
사회 현실 감각에 무디다 ,1,0,1,0
(쉽고 빠른 길이라는 걸 알면서도) 편법을 저평가하고 정통성을 굳게 지향한다 ,1,0,1,0
필요 이상으로 어려운 사고 활동을 즐긴다  ,1,0,1,0
(고등 사고가 요구되는 상황이 아닌) 일상적 상황에서 실수를 자주 범한다  예  어설픈 집안일  계산 실수  지도를 잘못 봄  우둔한 노동 감각  소지품 분실,1,0,1,0
의외로 단순한 상황에서조차 시간을 잡아먹는 조짐이 팽배하다 ,1,0,1,0
사소한 실수를 공개적으로 지적당하면 쓸데없이 큰 상처(자신의 대한 실망)를 받는다고 한다 ,1,0,1,0
사회적인 인간 관계(연애 포함)마저 복잡한 사고 방식을 적용하곤 한다 ,1,0,1,0
자기 능력에 대한 자신감이 매우 높다 ,1,0,1,0
모험에 과감하다  가끔 무모한 도전을 아무 고민 없이 그대로 밀고 나가는 경향도 있다 ,1,0,1,0
자기가 선택한 분야나 과목에 대한 섭렵을 확신한다 ,1,0,1,0
가끔 자기가 모든 문제를 해결했다고 믿는다 ,1,0,1,0
완벽주의 성향이 강하다 ,1,0,1,0
적당히 넘어가야 신속하게 해결된다는 걸 알면서도 그것을 놓기 싫어한다  (결국은 놓지 않는 방향으로 나아갈 확률이 높음 ),1,0,1,0
멀리 보면 유익하나 당장 필요하지는 않은 (소위 말하는) ‘예쁜 쓰레기’를 모아 바로 앞에 닥친 일을 곧잘 망칠 수도 있다   지나치게 깊어지면 정리벽(-癖)  수집벽  호더(hoarder) 증후군 성향이 있을 수 있다 ,1,0,1,0
무엇이든 고효율적인 상태를 만든 뒤에야 비로소 ‘시작’을 한다 ,1,0,1,0
계획 또는 도움닫기 단계에서 긴 시간을 투자한다  만일 도움닫기 단계를 끝내고 실천만 해낸다면 폭발적인 효율을 방출해내는 유형이다 ,1,0,1,0
비유  물이 가득 찬 ‘돌 항아리’보다  물이 적게 든 ‘강철 항아리’를 추구한다 ,1,0,1,0
계획형보다는 즉흥형이다 ,1,0,1,0
틀에 박힌 일과를 수행하는 것에 지루함을 느끼기 때문에  실천력은 생각보다 크게 떨어지는 편이다 ,1,0,1,0
‘엄청난 계획’을 만들어 놓더라도 정작 본인이 써먹지를 않는다 ,1,0,1,0
다급해질 때까지 일을 미루게 되는 상황을 자주 접한다 ,1,0,1,0
학업·지능 우수형이며  학업 방식이 여타 유형들과 크게 차이날 만큼 특이한 양상을 띄는 것으로 알려져 있다 ,1,0,1,0
새로운 학문을 시도할 때면  일반인 대상의 ‘교양 서적’보다 ‘전공 서적(textbook)’을 선호한다 ,1,0,1,0
‘지식적 심화 학습’보다 ‘기초 회귀형 학습’을 취하는 편이다 ,1,0,1,0
단순 나열식·휘발성 지식보다 ‘수학 능력’[11]과 ‘체화형 학습 능력’[12]을 고수하는 편이다 ,1,0,1,0
MBTI 유형 중 대학수학능력시험 성적 평균이 가장 높다 [13],1,0,1,0
기타 평균 학업 성적과 GPA(학점/내신)도 16유형 중 1위이며 평균 IQ(지능 지수)도 INTP와 더불어 1위에 해당한다 [14] INTJ가 기반을 두고 있는 열망은 '단순 지식 수준'보다 '수학 능력 수준'에 가깝다  사실 이것을 뽐내는 데 '학교'나 '학회' 같은 공동체밖에 없기도 하다  경쟁을 좋아하는 편이기 때문에 혼자 공부할수록 효율이 떨어진다는 연구도 있다 ,1,0,1,0
‘과제 수행형’보다 ‘아이디어 제시형’이다 ,1,0,1,0
남이 정해준 방식보다 자신만의 자유로운 방식을 지향한다 ,1,0,1,0
계획과 구상 단계에서 기발하고 효율적인 발상을 발휘한다 ,1,0,1,0
과제를 수행하더라도 자기 아이디어를 발휘할 수 있어야 진척도가 쌓이며  그렇지 못한 과제에 대해서는 진척도가 낮다 ,1,0,1,0
비상 계획을 생각해둔다 ,1,0,1,0
겉으로 모범적으로 보인다 ,1,0,1,0
비평이 늘 비관적이다 ,1,0,1,0
"만능 재주꾼  즉 백과사전형  조용하고 과묵하고 절제된 호기심으로 인생을 관찰하며 상황을 파악하는 민감성과 도구를 다루는 뛰어난 능력이 있다  말이 없으며  객관적으로 인생을 관찰하는 형이다  필요 이상으로 자신을 발휘하지 않으며  일과 관계되지 않는 이상 어떤 상황이나 인간관계에 직접 뛰어들지 않는다  가능한 에너지 소비를 하지 않으려 하며  사람에 따라 사실적 자료를 정리  조직하길 좋아하며 기계를 만지거나 인과관계나 객관적 원리에 관심이 많다  민첩하게 상황을 파악하는 능력이 있다  느낌이나 감정  타인에 대한 마음을 표현하기 어려워한다 
",1,1,1,1
어떤 일이든 노력에 비해 효율이 높다 ,1,1,1,1
시험에 벼락치기로 일관하는 경향이 있다   ,1,1,1,1
직장에서 별일 없으면 신경도 안쓰기 때문에 부하 입장에서는 최고의 상사이다   ,1,1,1,1
간단명료하게 말하는 걸 선호한다   ,1,1,1,1
소비성 경향이 강하다 ,1,1,1,1
종교를 믿지 않는다  다만  종교를 믿더라도 맹목적으로 믿는 게 아닌 그냥 체험하듯이 믿는 경우도 있다고 한다 ,1,1,1,1
틀에 박힌 생활을 싫어한다 ,1,1,1,1
고정관념이나 편견이 없는 편이다   ,1,1,1,1
위계와 권위는 군더더기로 간주하며 맹렬히 반항하는 평등주의자이다 ,1,1,1,1
현실감각이 뛰어나며 임기응변에 능하다 ,1,1,1,1
객관적 원리에 관심이 많으며 추상적인 이론이나 개념에 관심이 없다 ,1,1,1,1
정밀을 요하는 일을 잘 해낸다 ,1,1,1,1
도구를 다루는데 관심이 있다 ,1,1,1,1
모험과 스릴을 즐긴다 ,1,1,1,1
체육 분야에서 뛰어난 두각을 나타내는 사람들도 이 유형에서 많이 나오는데  팀 스포츠보다는 혼자 기술을 연마하는 개인 종목 스포츠를 더 선호한다 ,1,1,1,1
관심분야가 아니면 죽을 때까지 쳐다보지도 않는다   ,1,1,1,1
계획 짤 때 세세하게 잡지 않고 큰 틀만 짜는 편이다   ,1,1,1,1
충동에 따라 행동하기 때문에 언제라도 일자리를 박차고 떠날 수 있다 ,1,1,1,1
게으를 때는 끝 없이 게으르나 한 번 시작한 일은 끝까지 해낸다 ,1,1,1,1
자신의 일에 고집이 있고 주장이 강하다   ,1,1,1,1
대인관계가 원만하지만 공사의 구별이 뚜렷하다 ,1,1,1,1
ISTP 유형과 관계가 원만하다면 ISTP 유형이 속은 몰라도 겉으론 당신에게 맞춰주거나 배려해주고 있을 가능성이 크다 ,1,1,1,1
인간관계에서도 노력절약을 하기 때문에 필요한 상황이 아니면 먼저 연락을 하지 않고  깊은 관계일지라도 자주 연락을 하지 않는 편이다 ,1,1,1,1
관심 없는 사람을 만나거나 일을 하는 것을 꺼리며  그것을 강요하는 사람을 매우 싫어한다 ,1,1,1,1
평소에 자기 사람들 빼고는 남에게 관심이 없다   ,1,1,1,1
문제나 상황에 있어서는 바로 입장을 표출하지 않고 지켜본다거나  나서지 않고 관찰하는 것을 좋아한다 ,1,1,1,1
주변에서 일어나는 일에 대해 명확히 알고 있지만 나서서 솔루션을 제시하는 편은 아니다 ,1,1,1,1
개인주의적 성향이 강하고 혼자 있는 시간을 중요히 여긴다 ,1,1,1,1
자의적 혼밥과 독고다이의 달인이다 ,1,1,1,1
일반적으로 조용한 편이나 가끔은 외향적으로 보일 만큼 필요에 따라 사교적이다 ,1,1,1,1
말주변이 별로 없고 어떤 일을 겪어도 표정으로 내색을 않는다 ,1,1,1,1
무표정이 무서워 보인다는 소리를 많이 듣는다 ,1,1,1,1
첫인상이 차갑고 다가가기 어렵다  그래서 융통성 없고 답답하다는 얘기를 주로 받는다 ,1,1,1,1
상대의 감정이나 생각은 잘 읽지만 눈치를 보며 행동하지는 않는다 ,1,1,1,1
생각은 적극적인데 행동은 소극적이다 ,1,1,1,1
생각이 많지만 이것이 감정적으로 크게 연결되지 않는다 ,1,1,1,1
마음에 없는 소리를 잘 못한다   ,1,1,1,1
띄워준다고 크게 뜨지도 않고 욕 먹는다고 크게 가라앉지도 않는다 ,1,1,1,1
정의감이 있으나 직설적인 말로 타인의 감정을 상하게 할 수 있다 ,1,1,1,1
타인의 일이나 TMI에 매우 무관심한 편이다 ,1,1,1,1
친해지면 반전 매력이 있는 스타일이다 ,1,1,1,1
오는 사람 안 막고 가는 사람 안 잡는다 ,1,1,1,1
연애할 때 사생활 존중을 중요시 하는 편이다 ,1,1,1,1
성인군자형  호기심 많은 예술가형  말없이 다정하고 온화하며 사람들에게 친절하고 겸손하려고 하나 상대방을 잘 알게 될 때까지 따뜻함을 잘 드러내지 않는다  동정적이며 자기 능력에 대해 모든 성격 유형 중에서 가장 겸손하고 적응력과 관용이 많다  자신의 의견이나 가치를 타인에게 강요하지 않으며 반대의견이나 충돌을 피하고  인화를 중시한다  인간과 관계되는 일을 할 때 자신과 타인의 감정에 지나치게 민감하고  결정력과 추진력이 필요할 때가 많을 것이다 ,1,1,0,1
삶의 현재를 즐기는 사람이다  그래서 조용하고 온화한 이들이지만 의외의 면에서 충동적인 면을 보이곤 한다  스트레스가 너무 과해지면 학교나 직장을 갑자기 그만둬버릴 수도 있다 ,1,1,0,1
다른 사람의 부탁을 거절하기 어려워한다 ,1,1,0,1
마음이 순하고 따뜻하며 정이 많다 ,1,1,0,1
사람을 잘 의심하지 않는다 ,1,1,0,1
자신을 내세우지 않는다  겸손하며  자기 자랑이 없다  ,1,1,0,1
누구하고나 어떤 사회에서나 맞추어 가며 살 수 있다 ,1,1,0,1
규칙 또는 틀에 묶이는 것을 싫어한다 ,1,1,0,1
추진력  결정력이 부족하다 ,1,1,0,1
문학  음악  미술 등 예술적인 것에 재능이 있는 경우가 많다 ,1,1,0,1
조용히 있다가 무대에서 끼를 발휘한다  몰입이 특징 ,1,1,0,1
결단력이 부족하며 맺고 끊는 맛이 없다 ,1,1,0,1
자연적인 것  목가적인 것  전원적인 것에 관심을 가질 가능성이 높다 ,1,1,0,1
인터넷에 자신의 정보를 노출하기 꺼려한다 ,1,1,0,1
생각은 많은데 행동은 부족하다 ,1,1,0,1
남 눈치를 엄청 많이 본다 ,1,1,0,1
공감 능력이 뛰어나다  ,1,1,0,1
웬만하면 남에게 싫은 소리는 안 한다 ,1,1,0,1
타인을 이해해 주고 많이 맞춰준다 ,1,1,0,1
즐기는 것에 대한 호기심이 많다 ,1,1,0,1
예술적인 감각이 있다  (연극배우  가수  피아니스트  미술가 등),1,1,0,1
포용력과 이해력이 많다 ,1,1,0,1
특유의 유머감각이 있기도 하다 ,1,1,0,1
경쟁하는 분위기보다는 편안한 분위기에서 능력을 발휘한다 ,1,1,0,1
미래목표를 설정할 때 자기중심적인 성향을 보이기도 한다 ,1,1,0,1
조직에서 시간이 오래 지나야 인정을 받는다 ,1,1,0,1
딱딱하고 사무적인 사람을 정말 싫어한다 ,1,1,0,1
생각보다 상처를 받거나 예민해지기 쉬운 성격이다  남을 도와주고서 충분히 대가를 받지 못하기도 하며 때로 너무 착하고 만만해 보인다고 은근히 무시당하는 경우도 있다 ,1,1,0,1
프라이버시가 강하기 때문에 상대가 자신에 대해 알려고 하는 것을 꺼린다 ,1,1,0,1
감수성이 매우 풍부한 편인데  보통 감상에 젖은 내용을 겉으로 드려내려 하지 않고 사진으로 남기거나 홀로 일기장에 끄적이고  혼자 담아두는 편이다 ,1,1,0,1
열정적인 중재자  잔 다르크형  정열적이고 충실하며 목가적이고  낭만적이며 내적 신념이 깊다  마음이 따뜻하고 조용하며 자신이 관계하는 일이나 사람에 대하여 책임감이 강하고 성실하다  이해심이 많고 관대하며 자신이 지향하는 이상에 대하여 정열적인 신념을 가졌으며  남을 지배하거나 좋은 인상을 주고자 하는 경향이 거의 없다  완벽주의적 경향이 있고  노동의 대가를 넘어서 자신이 하는 일에 의미를 찾고자하는 경향이 있으며  인간 이해와 인간 복지에 기여할 수 있는 일을 하기를 원한다  자신의 이상과 현실이 안고 있는 실제 상황을 고려하는 능력이 필요하다 ,1,0,0,1
최악의 상황이나 악한 사람에게서도 좋은 면만을 바라보며 긍정적이고 더 나은 상황을 만들고자 노력한다  정말 꼴도 보기싫은 사람이 있어도 표정관리 정도만 조금 안될뿐  직설적이고 공격적인 말을 절대로 앞에서 하는법이 없다 ,1,0,0,1
침착하고 내성적이며 심지어는 수줍음이 많은 사람처럼 비추어지기도 하지만  불만 지피면 활활 타오를 수 있는 열정의 불꽃이 숨어있다 ,1,0,0,1
언어 학습 에 대한 능력이 뛰어나다  설령 처음에는 좀 헤매더라도 어느 순간이 되면 실력이 갑자기 늘어난다 ,1,0,0,1
맞춤법에 매우 민감하다  글을 쓸 때 띄어쓰기나 문장 부호  단어 선택  글씨체 등에 심혈을 기울인다 ,1,0,0,1
상상력이 풍부하고 몽상가적 기질이 많아 공상에 빠지는 걸 좋아한다  하지만 이들이 하는 상상의 대부분은 현실성 제로의 실현 불가능한 것들이다 ,1,0,0,1
창의성이 좋다  다만 이들이 발휘하는 창의성은 현실에서의 일처리나 자기관리 능력으로 발휘되기보다는  본인이 원하는 물건이나 스토리를 만들어 내거나 형이상학적인 표현을 만들어내는 종류의 창의성이라 일반인들의 입장에서 볼때 공감이 안될수도 있다 ,1,0,0,1
타인이 본인의 마음과 기분을 알아주고  거기에 맞춰서 행동해주기를 바라기 때문에 완숙되지 않은 INFP는 연애도 생각보다 어려울 수 있다  하지만 정작 같은 INFP가 아닌 이상 이들의 마음을 그 정도로 세밀하게 받아들일 수 있는 사람이 있을지는 의문  그래서 독신들이 적지는 않은편이다 ,1,0,0,1
어린 아이 같은 개구쟁이  철없는 모습도 있지만 한편으론 애늙은이 같은 모습도 있어 내면과 외면의 차이가 크다  기본적으로 외강내유나 외유내강들이 골고루 분포되어 있는 편이다 ,1,0,0,1
기본적으로 성격이 유하고 여리고 착하며 때묻지 않은 순수함을 가지고 있다 ,1,0,0,1
자신의 의견도 중요하지만  상대방의 의견 또한 중요시하고 매우 관대하게 받아들인다 ,1,0,0,1
의견을 표출하는 데 있어 매우 조심스러운 탓에 고민이 있어도 잘 털어놓지 못할 뿐더러 속앓이가 심하다 ,1,0,0,1
위에서도 서술되어 있듯 개인적인 감정이나 생각을 남에게 잘 털어놓지 않으며 털어놓는 것을 매우 어려워한다  또한 개인주의적 성향도 강해 타인이 본인의 감정과 생각을 비롯한 사생활을 궁금해하는 것도 불편해한다  하지만 기본적으로 남에게 기대고 싶어하는 INFP의 내면엔 상대가 내 생각을 알아줬으면 하는 마음이 있다 ,1,0,0,1
성격이 세심하고 디테일하다  타인의 아주 작은 부분도 특유의 통찰력으로 캐치해내며 감동을 주곤 한다 ,1,0,0,1
본인만의 스타일이 확고하고 개성이 강해 유행에 잘 따라가지 않는다 ,1,0,0,1
경우에 따라 마음속으로 쉽게 소외감(+외로움)을 잘 느낀다  ,1,0,0,1
짜증이나 성질은 내더라도  진심이 담긴 분노는 거의 표출하지 않는 편이다  화를 참고 참았다가 한 번에 터뜨릴 순간에도 참는다  그러나 한계에 도달해서 분노가 한번 터지면 굉장히 무섭고 후폭풍도 장난아니다 ,1,0,0,1
선택을 하는 데 있어  논리와 계획에 의하기보다는 다소 감정적이고 즉흥적인 경향이 있다  ,1,0,0,1
아이디어와 계획은 엄청 많이 세워놓으나 실행에 잘 옮기지 못하고 정작 하지 않거나 마무리가 서툴다   ,1,0,0,1
돈  권력  힘 등과 같은 현실적인 부귀영화에 상대적으로 관심이 적은 편이다  소비를 할 때에도 가성비를 많이 따진다   하지만 관심이 있는 분야라면 가끔씩 통이 크게 소비하는 경우도 있다 ,1,0,0,1
대화 도중 리액션이 풍부하지만 실제로는 딴 생각을 할 때가 많다 ,1,0,0,1
분위기를 잘 탄다  (분위기가 마음에 들면 끝까지 남는다 ),1,0,0,1
선생님이 좋으면 싫어하는 과목이더라도 열심히 공부한다 ,1,0,0,1
대개 사람들과의 모임을 싫어하고 낯을 가리지만  자신과 관심사가 비슷하고 마음이 맞는 사람을 만나면 금방 친해져서 밤을 새워가면서까지 이야기한다 ,1,0,0,1
단기 문화 체험  유적지 및 문화재 관람  자연 환경 감상 등 여행을 좋아하고  영화  음악  책을 좋아한다 ,1,0,0,1
위에서도 알 수 있듯 이들은 남들이 하는 말로는 잘 변화하지 않고 본인 스스로가 변화의 필요성을 느낄 때 비로소 변화를 결심하게 된다 ,1,0,0,1
이상주의가 강해서 자신의 신념과 가치관에 정면으로 배치되는 사안에서는 고집을 굽히지 않을 수 있다  특히나 공적인 경우가 아닌 사적인 신념에서 지적을 당할경우 누가 말을 해도 듣지않고 그냥 적어도 뒤에서는 마이웨이를 계속 취한다 ,1,0,0,1
정(情)이 많아 거절을 잘 못한다  설령 거절을 하게 되더라도 타인의 감정에 신경을 곤두세우며 잘못한 것도 없는데 먼저 미안해한다 ,1,0,0,1
남에게 쓸데없거나 불필요한 말을 잘 하지 않고[10] 평소 조용한 편이며  애매모호한 정보에 하나하나 다 구체적으로 질문하는 경향이 있다 ,1,0,0,1
타인의 고민을 군말없이 잘 들어주고  타인의 감정에 공감을 잘하는 편이다  그러나 본인이 느꼈던 경험과 감정을 바탕으로 공감을 시도하기 때문에 자신이 경험하지 못한 것에는 공감을 잘 못하는 경우가 많다  이러한 경우 이야기에 최대한 공감하려 노력은 하지만 공감이 안 되는 부분은 공감하고 싶어도 죽어도 못한다  [11][12],1,0,0,1
종종 혼자만의 시간을 꼭 필요로 하기에 그럴 땐 철저하게 혼자 있는다  그래서 잠수도 종종 타는 편이다 [13][14],1,0,0,1
본인만의 개인적인 사생활 영역을 침해 당하는 것을 매우 극도로 싫어한다 [15] 이 때문에 부모로부터 독립하려는 경향이 다른 유형보다도 강하다  물론 요즘처럼 대한민국 취업경기가 어려운 시기에는 완벽하게 독립하기가 생각보다 어려운 경우도 있어 정말 안습 ,1,0,0,1
남들의 시선을 의식하는 경향이 많기 때문에  처음 보는 사람들 앞에서 자신을 뻘쭘하게 만드는 행위를 혐오한다 ,1,0,0,1
타인이 본인의 스타일을 함부로 간섭하거나 비난  또는 비웃을 경우에는 공격적으로 변한다 [16],1,0,0,1
가식적인 것을 싫어하기 때문에 스스로가 편하게 생각하고 믿는 사람들에겐 자신의 가감없는 대부분 모습들을 솔직히 보여 주려 한다  혹여나 아직 어색한 사이의 사람에겐 자신의 모습을 꽁꽁 숨기고 보여 주지 않을망정 거짓말을 지어내어 말을 하지는 않는 편이다 [17],1,0,0,1
규칙을 몸서리치듯 싫어하며[18] 반복되는 일상생활을 마음에 안 들어한다  윗사람의 명령과 결정에 모든 것이 좌지우지 되는 것도 별로 좋아하지 않는다 [19],1,0,0,1
이해력과 포용성이 뛰어나는데다 갈등을 표면화시키는 성격도 아닌지라 대부분의 상황을 ‘그럴 수 있지’ 하며 이해하려 노력하고 넘어간다 ,1,0,0,1
타인과의 만남 약속을 할 땐 대부분 타인의 의견에 맞춘다 ,1,0,0,1
처음 보는 사람에게 말 거는 것보다 안면은 있지만 친하지 않은 사람에게 말 거는 것을 힘들어 한다 [20],1,0,0,1
매우 게으르지만 완벽주의적 성향이 있어 때로 지나치게 완벽주의적으로 나간다  어떠한 일을 시작하는 것을 굉장히 귀찮아하지만 막상 그 일을 하려고 할 때 본인의 계획대로 순조롭게 진행되지 않거나 결과가 완벽하지 않다고 생각하면 다시 그 일을 재개하는 것을 꺼려하며 아예 도중에 그만두거나 시작조차도 하지 않으려 한다  물론 일을 실행에 옮기는 경우는 그 일에 대해 나름 좋은 감정이 있을 경우이고  완벽하지 못한 결과물을 도출할 때 극심한 스트레스를 받는다 [21][22],1,0,0,1
감정의 기복이 매우 심하며 지구 내핵부터 오존층까지의 수준이라 카더라 얼굴에서 쉽게 드러난다 ,1,0,0,1
엄청난 유리멘탈의 소유자이며  마음이 여려 사소한 것[23]에도 깊은 상처를 받고 사소한 것[24]에도 기분이 아주 좋아진다  실제로 INFP는 모든 유형들 중 우울에 가장 쉽고 깊게 빠지는 유형이다 ,1,0,0,1
논리적인 사색가  아이디어뱅크형  조용하고 과묵하며 논리와 분석으로 문제를 해결하기 좋아한다  과묵하나 관심이 있는 분야에 대해서는 말을 잘하며 이해가 빠르고 높은 직관력으로 통찰하는 재능과 지적 호기심이 많다  개인적인 인간관계나 친목회 혹은 잡담 등에 별로 관심이 없으며 매우 분석적이고 논리적이며 객관적 비평을 잘 한다  사교성이 결여되기 쉬운 경향이 있고  때로는 의도가 아니더라도 자신의 능력을 과시하는 수가 있기 때문에 거만하게 보일 수 있다 ,1,0,1,1
이런 유형의 글을 통한 자아 분석을 좋아한다  다방면으로 관심사가 퍼져 있고 논리적이지만  개인주의가 강하며 직관적이고 미래지향적인 면모 또한 존재한다 ,1,0,1,1
관계를 맺음에 있어 고도의 내향형  수동형으로 대표된다  부모에겐 착한 아이  친구에겐 말없는 아이  선생님에게는 모범적인 아이로 비춰지는데  실제 내면은 분석적 인 성향을 지니고 있다 ,1,0,1,1
모든 MBTI 유형 중 내향 성향이 가장 강한 편이다 ,1,0,1,1
어디까지나 표현을 안 하는 것일 뿐이지 사실 내면에선 끝없이 생각을 하고 있기에 하려는 말은 많을 수 있다  자기가 좋아하는 관심사에서 밤을 새워 말하는 대표적인 연구가 유형이기 때문이다  ,1,0,1,1
지적 관심은 많지만 단순 반복적인 노력이나 훈련을 지루하게 여기는 편이다 [10][11],1,0,1,1
"행동으로 인해 얻는 경험보다 책을 통해 배운다  즉 머릿속으로 충분한 교차검증을 통해 추론하여 실패할 가능성을 줄인다  사람은 무언가를 시도하기 전 약간의 불안감을 느끼기 마련인데  건강한 INTP는 사전분석으로 부정적인 감정을 지우는 습관을 들여 이를 최소화한다  하지만 경우에 따라선 ""나한테는 무리다""하고 판단했다면  마침내 행동하기를 포기한다 [12]",1,0,1,1
부기능이 외향직관(Ne)으로  발산적 사고에 능한 편이다  A를 보고 B를 떠올리고  B에서 또 C를 떠올리는 식으로 생각이 꼬리에 꼬리를 물고 퍼져 나간다 [13] 때문에 같은 직관(N)형이더라도 내향직관형(Ni)이 본질을 꿰뚫는 통찰과 일반화에 뛰어나다면 외향직관형(Ne)은 발상력  창의력  창조성이 뛰어나다  때문에 말을 한다는 가정 하에 똑똑하고 말을 잘한다는 소리를 듣는다  이 발산적 사고 때문에 브레인스토밍처럼 가능성 자체를 중시하는 토론에서는 활약한다 ,1,0,1,1
평소 조용하고 말이 없으나 자신의 관심 분야에서는 말을 많이 한다  관심없는 이야기는 타인의 감정을 생각해서 대답을 해주려 노력하긴 하지만 한귀로 듣고 한귀로 내보낼 수 있다  타인 입장에서는 서운함을 느낄 수 있다 ,1,0,1,1
기분이 나쁘거나 자신이 옳다고 생각하는 것들이 부조리하게 부정당하면 비판적 사고역량이 강해진다  정도가 심해지면 가차없이 논리적 공격을 퍼부어 큰 상처를 주기도 한다 ,1,0,1,1
정서표현이 별로 없어 친해지기 전에는 잘 이해하기 어렵다 ,1,0,1,1
농담을 하라고 시키면 주저한다  본인이 먼저 농담을 꺼내지는 않지만 역설적으로 타인의 농담에는 잘 반응한다 ,1,0,1,1
언제나 합리적인 판단을 하고자 하는 욕구가 있다  그래서 언제나 많은 생각을 하기 때문에 '오늘 뭐 먹지' 같은 사소한 결정조차 다소 어려워할 수 있다  그렇기에 주변에 자신이 존중하는 사람이 있으면 자신의 선택권을 이양해버린다 ,1,0,1,1
영혼 없는 리액션을 자주 한다  타인에 공감하는 것이 사회화의 첫걸음이라는 것을 알고 있고  공감하고자 하는 욕구도 있지만 매사를 분석하려들기 때문에 감성적 공감 능력이 떨어진다 ,1,0,1,1
뛰어난 아이디어와 사고력을 가진 반면  머릿속의 것이 복잡하기 때문에 말로 표현해내는 데는 약하다  하지만 생각이 정리 될 시엔 아주 뛰어난 언변과 논리를 가진다  그래서 직접 말로 대화할 때는 생각을 정리하지 못하고 어버버거리거나 긴 시간 생각한 후에야 입을 열 때가 많은 반면  채팅이나 댓글 등에서는 자신이 쓴 글을 쉽게 검토/수정할 수 있기 때문에 쉽게 생각을 풀어낸다 ,1,0,1,1
남들이 하는 말의 논리적 오류  모순  허점 등을 잘 찾아낸다  하지만 자신이 관여되어 있지 않은 일들엔 굳이 지적하고 싶지 않아 말하길 꺼리지만 다른 사람의 주장이 자신이 옳다고 생각하는 신념을 부정하여서 불편하거나 자신에게 누군가 공격의사를 드러내면 상대방에게 교묘한 언어적 비난을 건낸다 [14],1,0,1,1
인간관계에 있어 상대가 마음에 들지 않아도 오랜 기간 관계를 유지할만큼 관계를 끊는데에 있어 내향적이고 수동적이다  사상에 개방적인 자세를 취하기 때문에  어떤 사람이라도 객관적  보편적으로 배울 지식이 있다고 여기기도 한다 ,1,0,1,1
관심있는 분야에 창의적인 방안을 내놓는다  하지만  과반수의 사람들은 지나치게 비약적이고 미래지향적인 INTP의 방안을 비현실적이라고 받아들인다 ,1,0,1,1
주기능인 Ti(내향 사고)와 열등기능 Fe(외향 감정)의 영향으로 상대방과의 언쟁이나 토론에서 자신이 논리적이고 합리적인 주장을 해도 타인이 이를 존중하지 않았을때 매우 답답해한다  특히 '너가 뭘 말하려고 하는지는 알겠는데 그런식으로 말해서 기분이 상했다' 라며 사과를 요구하는 말을 이해하지 못한다  개인의 감정보다 옳고 그름의 대한 사실을 더욱 중요시 하는 경향이 존재하기 때문이다 ,1,0,1,1
형식적인 서론이 긴 것을 참기 어려워한다  본론만 딱딱 말하는 것을 좋아한다 ,1,0,1,1
본인이 흥미를 가지지 않는 이상 남들이 좋아하는 주류 문화나 유행을 시도하는 것에 관심이 없다  하지만 관심이 없을 뿐 주류 문화에 대한 지식은 갖추고 있으며  주류 문화 또한 하나의 사회적인 현상으로 분류해 분석적으로 바라보기도 한다 ,1,0,1,1
주로 분석적인 성향이 강한 추리소설과 과학소설  다큐멘터리 등을 좋아하며 관심사에 따라 철학  자연과학  사회과학 등의 서적을 즐기기도 한다 ,1,0,1,1
신의 존재에 대해 회의감을 가지고 있고 무신론자가 많다  아니면 종교를 믿더라도 세속주의적인 경향을 띈다 [15] 드물지만 한번 종교적 세계관에 동의하기만 한다면 영적으로 충실한 사람이 된다 [16],1,0,1,1
종종 기존의 상황을 재분석하는 영역을 갖는다 ,1,0,1,1
틀에 박힌 사회적 통념을 따르는 것을 싫어하며  대부분의 부조리에 대한 반감을 가지고 있다 ,1,0,1,1
타인과 분쟁을 일으키는 것은 별로 생산적인 일이 아니라고 판단한다  이는 INFP와 비슷한 특징을 공유한다  그렇기에 비판적인 INTP가 입을 열지 않으려 한다는 것은 이 상황이 불쾌하다는 뜻이며  이는 강한 거부 의사다  비슷하게 어떤 의견에 대해서 찬반을 물었을 때 '잘 모르겠다'  '나쁘진 않다' 등의 애매한 대답으로 거부 의사를 표하는 경우가 많다  자의식이 강해서 찬성하는 것도 싫고  그렇다고 반대를 드러내면 피곤해지기 때문에 이도저도 아닌 답을 내놓으려 하는 것 ,1,0,1,1
"사람들에게 가능한 미래를 경고한다  그 후 어떤 사건이 터지고 나서 ""내가 말했잖아"" 같이 나는 이미 사건을 예상했다는 듯이 말한다  늘 최악의 상황을 가정하고 직관적인 시선으로 사건이 발생할 가능성을 가늠하기 때문이다 ",1,0,1,1
자신이 남에 의해 정확한 이해 없이 섣불리 판단되고 단정 지어지는 것을 불쾌하게 느낀다  남이 내 사생활을 캐려고 들면 더 방어 기제가 심해진다 ,1,0,1,1
부정적인 INTP는 많은 생각으로 인해 심한 불안감에 휩싸여 있으며  이는 무기력함과 우울감을 유발하기도 한다 ,1,0,1,1
사랑같이 낭만적인 관계를 쌓는데 어려움을 느낀다  INTP는 사랑 등의 감정을 대하는것에 대해 비관적이고 감정보다 이성을 더욱 중시하기 때문이다  그러나 한번 사랑에 빠지면[17] 순정파 면모를 보인다 ,1,0,1,1
상대에게서 인격이나 지식 면에서 배울 점이 많다고 생각하면 깊은 관계를 가지려든다  이는 INTJ와 비슷한 특징을 공유한다 ,1,0,1,1
INTJ와 더불어 평균 혼인 연령이 가장 높은 편이다  또한 결혼을 해도 자녀들을 거의 가지지 않으며  독신들도 많다 ,1,0,1,1
자신이 흥미를 느끼는 분야의 잘 알지 못하는 지식이 있으면 관련 자료를 통해 높은 수준의 지식을 수집하고 이해한 후 기억하고 있다가 사용한다  이는 새로운 지식을 습득할 때마다 재수정과 갱신을 거친다  만약 자신의 언행에서 논리적 오류 등을 스스로 발견할 경우 즉시 정정한 후에 수정된 논리로 다시금 이야기하려 든다  이 항목은 ENTP와 같은 성향을 공유한다 ,1,0,1,1
자신이 좋아하는 분야의 지식이 이해가 되지 않으면 이해될 때까지 다시 찾아보고 물어봐야 직성이 풀린다  반대로 좋아하지 않는 분야의 지식에는 크게 연연하지 않는 모습을 보인다 ,1,0,1,1
다가오는 사람은 밀어내지 않는다  설령 그 사람을 평소에 싫어했다고 해도 말이다  물론 멀어지는 사람을 잡을 만큼의 의욕도 없다  설령 그 사람을 좋아했더라도 말이다 ,1,0,1,1
서로에게 보탬이 되는 지적이고 유익한 대화를 좋아한다  의미없는 빈말이나 일상적인 대화만이 오가는 사이를 좋은 사이로 평가하지 않는다 ,1,0,1,1
분석적이고 비판적인 INTP를 먼저 움직이게 하는 힘은 호기심과 흥미이다  반대로 호기심과 흥미가 없는 모든 것들에는 건성으로 대한다 ,1,0,1,1
친구 관계에서 깊은 관계를 맺으려 하지 않으려는 경향이 있다  자신의 비밀들을 남이 안다는 것을 매우 꺼리고 남의 행동이 자신에게 영향을 줄 여지를 줄이고 싶어하기 때문이다 ,1,0,1,1
공감면에서 INFP와는 완전히 다른 모습을 보인다  INTP는 상대가 친할수록 위로하기보단 해결 방안을 제시하려 하고[18]  친하지 않을수록 성의 없는 위로를 하는 경우가 많다 ,1,0,1,1
평소 반응하지 않던 외향 감정(Fe)이 폭발적으로 휘몰아치기도 한다  타인에 의해 지속적  집중적으로 높은 스트레스를 받는 상황에서  누적된 감정을 인지함에도 조절하는 게 부자연스럽고 익숙하지 않기에[19] 제 3자 입장에서 당혹스런  아이 같은  뜬금 없는 모습으로 나타날 수 있다 [20],1,0,1,1
"모험을 즐기는 사업가 수완 좋은 활동가형  현실적인 문제 해결에 능하며 적응력이 강하고 관용적이다  사실적이고 관대하며  개방적이고 사람이나 일에 대한 선입관이 별로 없다  강한 현실 감각으로 타협책을 모색하고 문제를 해결하는 능력이 뛰어나다  적응을 잘 하고 친구를 좋아하며 긴 설명을 싫어하고  운동  음식  다양한 활동 등 주로 오감으로 보고  듣고  만질 수 있는 생활의 모든 것을 즐기는 형이다  순발력이 뛰어나며 많은 사실들을 쉽게 기억하고  예술적인 멋과 판단력을 지니고 있으며  연장이나 재료들을 다루는 데 능숙하다  논리 분석적으로 일을 처리하는 데 반해  추상적인 아이디어나 개념에 대해서는 별로 흥미가 없다 
",0,1,1,1
정보통이다 ,0,1,1,1
내기를 좋아한다 ,0,1,1,1
삶을 즐기며 산다 ,0,1,1,1
항상 말보다 몸이 먼저 나간다 ,0,1,1,1
스릴을 좋아한다 ,0,1,1,1
노는 것과 술자리에 도가 텄다 ,0,1,1,1
책을 통해서보다는 직접적인 경험을 선호한다 ,0,1,1,1
한 가지에 집중하는 것은 지겹다 ,0,1,1,1
즉흥적인 행동에 의존한다 ,0,1,1,1
일을 마지막에 폭발적으로 한다 ,0,1,1,1
흥미 위주의 욕구(경쟁  게임)가 많다 ,0,1,1,1
묶여 있지 않은 자유로운 상태일 때 일의 능률이 오른다 ,0,1,1,1
일반 보병보다 특공대 체질 ,0,1,1,1
생각이 단순하며 깊게 생각하는 것이 어렵다   ,0,1,1,1
현실적인 계산이 눈에 보인다 ,0,1,1,1
제멋대로이며 자유분방하다 ,0,1,1,1
현 우리나라의 학교 분위기에 적응하기 어려움을 느낀다 ,0,1,1,1
자신감이 항상 철철 넘친다 ,0,1,1,1
공부보다는 스포츠와 같은 활동적인 것에 집중력이 있다 ,0,1,1,1
주위의 사람이나 일어나는 일에 관심이 많다 ,0,1,1,1
조금 깊게 생각하는 것을 싫어하는 경향이 있다 ,0,1,1,1
자극적인 것을 좋아한다 ,0,1,1,1
오늘 할 일을 내일로 미룬다 ,0,1,1,1
성취욕이 강하다 ,0,1,1,1
새로운 것에 대한 도전 욕구가 강하다 ,0,1,1,1
타인에게 선입견이 별로 없고 개방적이다 ,0,1,1,1
모든 MBTI 유형 중 외향 성향이 ESFJ와 함께 가장 강한 편이다 ,0,1,0,1
즐거움을 추구한다 ,0,1,0,1
타인을 기쁘게 해 줄 깜짝쇼를 준비하면서 즐거워한다 ,0,1,0,1
내 자신의 이야기를 상대방을 가리지 않고 아무에게나 잘 털어놓는다 ,0,1,0,1
통상 책임감이 막중한 일은 잘 하지 않고 회피 하려고 한다 ,0,1,0,1
발등에 불이 떨어져야 행동에 옮기지만 중요한 사항에 대해서는 즉시 처리하는 편이다 ,0,1,0,1
흥분을 잘하며 목소리가 크다  ,0,1,0,1
집에 있으면 무기력한 느낌이 들어 쉬는 날은 거의 외출을 한다 ,0,1,0,1
청소나 빨래를 제시간에 하지 않고 몰아서 꼭 해야 할 때 한다 ,0,1,0,1
내일은 내일의 태양이 뜬다 ,0,1,0,1
싫고 좋은 사람이 분명하며 표정에 나타난다 ,0,1,0,1
정이 많고 건망증이 심하다 ,0,1,0,1
정이 많은 이유 때문인지 거절을 잘 못한다 ,0,1,0,1
하지만 어느 부분에선 아주 냉정하기도 하다 ,0,1,0,1
잘 먹고  잘 자고  생각이 단순하다  고민하다가 그냥 잠든다 ,0,1,0,1
답장이 빠르다  ,0,1,0,1
혼자 있는 것을 힘들어한다 ,0,1,0,1
조직생활 보다는 자유로울 때 능력을 발휘한다 ,0,1,0,1
정작 하고 싶은 말은 못한다 ,0,1,0,1
말 자체는 많이 하는데 질은 떨어지는 편이다  말에 임팩트가 없고 체계적  논리적이지 못한 것도 있다  다만 개그 수준으로 웃기고 재미는 있다 ,0,1,0,1
이야기할 때 요점과 더불어 부연 설명을 많이 덧붙인다 ,0,1,0,1
귀가 얇다  ,0,1,0,1
틀에 박힌 것을 싫어하고  계획에 따라 하는 것을 힘들어한다 ,0,1,0,1
부기능이 Fi(내향 감정)라 외향적인 사람들 외에도 내향적인 사람들과도 잘 어울린다 ,0,1,0,1
개성적인 매력이 있는 편이다 ,0,1,0,1
무계획적이고 충동적인 여행을 즐긴다 ,0,1,0,1
매우 덜렁거린다 ,0,1,0,1
"재기 발랄한 활동가 스파크형  따뜻하고 정열적이고 활기가 넘치며 재능이 많고 상상력이 풍부하다  온정적이고 창의적이며 항상 새로운 가능성을 찾고 시도하는 형이다  문제 해결에 재빠르고 관심이 있는 일은 무엇이든지 수행해내는 능력과 열성이 있다  다른 사람들에게 관심을 쏟으며 사람들을 잘 다루고 뛰어난 통찰력으로 도움을 준다  반복되는 일상적인 일을 참지 못하고 열성이 나지 않는다  또한 한 가지 일을 끝내기도 전에 몇 가지 다른 일을 또 벌리는 경향을 가지고 있다  통찰력과 창의력이 요구되지 않는 일에는 흥미를 느끼지 못하고 열성을 불러 일으키지 못한다 
",0,0,0,1
감정이 얼굴에 잘 드러난다 ,0,0,0,1
새로운 시도를 좋아한다 ,0,0,0,1
사람을 기쁘게 해주는 타고난 능력이 있다  따라서 평판이 좋고 주변에서 따르는 사람들이 많다 ,0,0,0,1
계획하기 보다는 그때그때 일을 처리하는 편이다 ,0,0,0,1
새로운 사람 만나기를 좋아한다 ,0,0,0,1
감수성이 풍부하고  눈물이 많다 ,0,0,0,1
위기 대처능력이 뛰어나다 ,0,0,0,1
행사나 일을 잘 주선한다 ,0,0,0,1
경제 개념이 희박하다  돈을 모으기 힘들 수 있다 ,0,0,0,1
감정의 기복이 심하다 ,0,0,0,1
정이 많은 유형이다 ,0,0,0,1
외향적인 성격이라 사람들과 만나는 것을 좋아하지만  종종 혼자만의 시간을 꼭 필요로 하기에 그럴 땐 철저하게 혼자 있는다  그래서 잠수도 종종 타는 편이다 ,0,0,0,1
평소에 화를 잘 안낸다  대신 잘 토라지는데  달래주면 또 금방 풀린다 ,0,0,0,1
몽상가 혹은 공상가라고 불리기도 한다 ,0,0,0,1
상대방의 말에 민감하나 신경쓰지 않는 척하며  눈치도 굉장히 빠르지만 그걸 드러내고 싶지는 않아서 눈치 없는 척하는 경우가 많다 ,0,0,0,1
내면에 열정을 지녔다 ,0,0,0,1
놀다가도 몰입이 안 되고 '지금 뭘하고 있는 건가 ' 하는 생각이 들 때가 있다 ,0,0,0,1
멋내고 꾸미는 것을 좋아한다  디자인 분야에 관심이 있는 사람도 많다 ,0,0,0,1
상대에게 양보를 잘 하며 화날 때는 유연하게 넘어가는 편이다  화를 냈다면 정말 한계에 다다른 것이다 ,0,0,0,1
상대방과 싸움을 시작할 때는 심장부터 뛴다 ,0,0,0,1
인생을 즐겁게 살려고 한다 ,0,0,0,1
반복적인 일상에 괴로워하며  그렇기에 단순 암기를 싫어한다 ,0,0,0,1
선생님이 마음에 들면 그 과목을 제일 열심히 하며 가장 좋아하는 과목이 된다 ,0,0,0,1
좋아하는 사람과 싫어하는 사람의 구별이 뚜렷하다  호불호가 분명하고 인간관계도 극단적인 편이다  따라서 상대방이 누구냐에 따라 천사가 되기도 하며 악마가 되기도 한다 ,0,0,0,1
밀당을 매우 싫어하며  밀면 그대로 밀려나 포기해버리는 스타일   이 유형의 사람들에게는 항상 진심으로 대하는 것이 좋다 ,0,0,0,1
분위기를 잘 띄운 후에 본인은 빠진다 ,0,0,0,1
인싸 중의 아싸  아싸 중의 인싸  외향적인 성향이지만 이상주의적인 성격이라 누군가 소외되는 걸 싫어하는데다 말도 잘 걸어주고 공감 능력도 뛰어나고 추진력도 좋아서 내향적인 사람과 궁합이 좋다  ,0,0,0,1
E 유형 중에서는 다소 내향성이 강한 유형이기도 하다  그래서 뼈외향인과는 오히려 잘 안 맞을 수도 있다 ,0,0,0,1
흥미있는 일에는 굉장히 열정적이나 관심 없는 일이나 하기 싫은 것에는 눈길조차 주지 않는다  굳이 하기 싫은 것을 할 때는 굉장히 수동적으로 행동한다 ,0,0,0,1
유연하고 진보적인 사고를 가졌지만  지켜야 할 건 지켜야 한다고 생각한다 ,0,0,0,1
무언가에 쉽게 열중했다가 쉽게 그만둔다 ,0,0,0,1
다른 사람들에게 폐 끼치는 걸 굉장히 싫어한다  반대로 사람들이 자신에게 무례하게 행동하는 것도 굉장히 싫어한다 ,0,0,0,1
계획을 짜는 걸 싫어하지만 나서는 사람이 없으면 직접 나서서 계획을 세우며  때로는 계획을 짜는 것에 재미를 느끼기도 한다  귀차니즘을 많이 느끼나 나서고 만드는걸 좋아하기 때문  그리고 계획이 잘 진행돼서 만족하는 친구들을 보고 흡족한다 ,0,0,0,1
불만이나 할말을 잘 표현하는 편이지만  직설적으로 말하기보다 돌려 말하기를 선호한다 ,0,0,0,1
지각을 많이 한다 ,0,0,0,1
하기 싫은 일은 끝까지 안하고 싶어하는 경향이 있다 ,0,0,0,1
친구를 두루두루 사귀는걸 좋아해서 자칫 넓고 얕은 인간관계처럼 보이기도하는데 사실 좁고 깊은 인간관계를 소유하고있는 경우가 많다 ,0,0,0,1
정이 많아 한 사람에게 상처를 받아도 쉽게 내치지 못한다 ,0,0,0,1
발명가형 박식하고 독창적이며 창의력이 풍부하다  안목이 넓고 다방면에 관심과 재능이 많다  풍부한 상상력과 새로운 일을 시도하는 솔선력이 강하며 논리적이다  새로운 문제나 복잡한 문제에 해결 능력이 뛰어나며 사람들의 동향에 대해 기민하고 박식하다  그러나 일상적이고 세부적인 일을 경시하고 태만하기 쉽다  즉  새로운 도전이 없는 일에는 흥미가 없으나 관심을 갖고 있는 일에는 대단한 수행능력을 가지고 있다  때로는 경쟁적이며  현실적이다기 보다는 이상주의자에 가까운 편이다  ,0,0,1,1
대개 팔방미인  다재다능이다 ,0,0,1,1
두뇌회전이 빠른 편이고 어떤 사안에 대한 대략적인 이해가 매우 뛰어나다 ,0,0,1,1
발상력이 매우 좋아 단기적인 문제 해결에 있어 효율 및 성과는 뛰어나지만  장기적인 노력이 필요한 경우 노력을 꾸준히 투입하기가 어렵다  ,0,0,1,1
특성상 벼락치기를 선호하는 경우가 많고 노력 대비 결과가 상당히 괜찮은 편이다  심지어 시험 공부를 하지 않고도 결과가 잘 나오기도 한다   그러나 장기적으로 공부해야 하는 시험에는 성과가 좋지 못할 수 있다 ,0,0,1,1
빠르게 눈치채고 있지만 상황을 저울질 해본뒤 눈치볼 필요가 없다고 느껴지면 마이웨이를 달리는 경우가 많다  눈치 없다는 소리를 꽤 듣는 이유 중 하나 ,0,0,1,1
애초에 주변의 시선에 초점을 두는 유형이 아니라 타인의 눈치를 보는걸 진짜로 잊어먹는 경우가 흔한 편이다  눈치 없다는 소리를 꽤 듣는 이유 중 둘 ,0,0,1,1
타인의 의중을 섬세하게 고려해서 맞춰주는 눈치가 뛰어난건 아니지만  남들이 놓칠법한 부분은 오히려 쉽게 눈치채는 경향이 강하다 ,0,0,1,1
자존감이 굉장히 높고 자신에 대한 확신이 강하다 ,0,0,1,1
복잡한 문제를 쉽게 해결할 지름길 내지 꼼수를 발견하는데 능하다,0,0,1,1
항상 새로운 것을 추구한다 ,0,0,1,1
마음만 먹으면 못하는 것이 없다 ,0,0,1,1
이것저것 손대는 것이 많다 ,0,0,1,1
일을 시작하는 데 있어 추진력은 좋지만 뒷심이 부족한 편  즉  용두사미가 되기 쉽다 ,0,0,1,1
반복적으로 꾸준히 해나가면 해결되는 문제보다는 차라리 비반복적인 어려운 문제를 해결하는 것이 더 수월하다 ,0,0,1,1
어떤 유형의 사람이든간에 편견 없이 보려고 한다 ,0,0,1,1
처음 보는 사람에게 말 거는 데 거리낌이 없다 ,0,0,1,1
분위기나 타인의 생각을 읽고 이해하는 능력이 뛰어나고  대화를 매력적으로 이끌어 나간다 ,0,0,1,1
대화에 있어서는 자신의 말에 대한 상대의 반응이 어떤지 꽤 신경 쓰는 편 ,0,0,1,1
타인의 일에 크게 관심이 없고  자신이 인정받고 싶어하는 분야 외에는 타인이 자신을 어떻게 평가하는지 관심 없다 ,0,0,1,1
모든 성격 유형 중 스트레스가 가장 적어보인다 ,0,0,1,1
자기애가 강하며  자기 합리화를 잘 한다 ,0,0,1,1
자신의 아이디어로 남을 이끌어가는 것을 좋아하나 지나친 간섭은 잘 하지 않는다 ,0,0,1,1
자신의 생각을 거리낌 없이 말한다 ,0,0,1,1
토론이나 논쟁을 좋아하며 자신의 의견으로 끝을 맺어야 하는 성격이다 ,0,0,1,1
자기주관과 가치관이 매우 뚜렷하다 ,0,0,1,1
좋아하는 사람과 싫어하는 사람 구분이 확실하다 ,0,0,1,1
E 타입이기에 기본적으로 외향적이긴 하나 E 타입 중에서는 내향 성향이 가장 강한 편이다   ,0,0,1,1
겉으로 드러나는 성격에 비해 개인주의 성향이 강하며 독립적이다  ,0,0,1,1
다른 사람들이 자신을 무시하는 것을 굉장히 싫어한다 ,0,0,1,1
대개 겉과 속이 같은 사람들이다 ,0,0,1,1
인간관계가 자유롭다 ,0,0,1,1
온갖 것에 관심이 많다 ,0,0,1,1
위험을 감수해서라도 새로운 시도를 하는 편이며 모험심이 강하다 ,0,0,1,1
관심 있는 분야가 아니면 한 번 들은 얘기를 또 듣는 걸 극도로 싫어한다 ,0,0,1,1
뒤끝이 없고 애초에 잘 화가 나거나 삐지는 편이 아니다  ,0,0,1,1
단어 하나로 2시간도 이야기 한다 ,0,0,1,1
일상적이고 반복되는 일은 지루하고 힘들어 한다 ,0,0,1,1
007 제임스 본드형'이다 ,0,0,1,1
경쟁심이 강한 편이다  ,0,0,1,1
빠뜨리거나 빼먹는 일이 많다 ,0,0,1,1
다른 누구의 설득되지 않는 권유나 참견은 질색한다 ,0,0,1,1
자신의 가치관이 우선이며 기존의 전통이나 권위  규범은 답답해하는 편 ,0,0,1,1
새로운 아이디어나 창의적인 발상을 잘 낸다 ,0,0,1,1
학창시절 때 머리는 좋은데 공부를 안 한다는 소리를 많이 들어온다 ,0,0,1,1
자신의 판단에 따라 행동한다 ,0,0,1,1
말을 나오는 대로 막 할 수 있다 ,0,0,1,1
남이 하는 거 보고 맞춰 가는 분야의 일은 싫어한다 ,0,0,1,1
자기주장이 강한 것에 비해 정당한 비판에 대한 수용이 빠르다  ,0,0,1,1
호감의 표시 또는 친해지고 싶은 이유로 놀리거나 짓궂은 장난을 좋아한다   반응이 귀엽거나 찰질수록 더 좋아하는 경향이 있다 ,0,0,1,1
동성  이성 가릴거없이 아무한테나 멘트를 잘치지만 정말 좋아하는 사람앞에서는 말이 과하게 많아지거나 아예 없어지거나 둘 중 하나다 ,0,0,1,1
ENTP에게 절대적으로 존경하는 사람이 생기는 일은 드물기에  존경하는 사람이 생기면 자신의 가치관에 존경하는 사람의 가치관이 혼합될 확률이 높다 ,0,0,1,1
자기와 의견이 다른데 ‘그래 맞아~’ 하면서 넘겼다면 정말 그 말이 맞다고 생각해서가 아니라 토론할 가치를 못 느껴서일 가능성이 크다 [10],0,0,1,1
ENTP이 왜  라고 묻거나 왜그렇게 생각해  라고 묻는것은 꼽주거나 비꼬는 것이 아닌 순수히 궁금해서 물어본 가능성이 크다 ,0,0,1,1
친구가 문제를 겪고있을 때  감정적인 지지보다는 문제의 해결방법을 제공하는 방식을 선호한다 ,0,0,1,1
다양한 분야에 관심이 많고 그만큼 아는 것들도 상식도 많아 똑똑하지만 막상 시험 공부를 하지 않아 학교 성적은 중위권에 머무는 경우가 많다 [11],0,0,1,1
가끔씩 기발한 아이디어가 생각나서 메모장에 두루뭉실한 계획을 많이 써 놓으나 실천하지 않은 것이 많다 ,0,0,1,1
사람들과 얘기하는 것을 좋아해 밝고 활동적이면서도 독립적이고 사람들과의 관계를 다른 부분들보다 우선시 하는 편은 아니라 겉으로 봤을때 차갑고 무관심해 보일 수도 있다 ,0,0,1,1
동정심  정이 많거나 가지고 있는 가치관이 굉장히 도덕적인 경우 전형적인 ENTP 같지 않아 구분하기 힘들 수도 있지만 오래 보다보면 ENTP 유형의 사람들은 구분이 확실히 될 정도로 뚜렷한 성향을 가지고 있는 유형이다 ,0,0,1,1
팔로워보다 리더가 되기를 원한다 ,0,0,1,1
주변에서 4차원이란 말을 듣기도 한다 ,0,0,1,1
자기애가 강한 편이다 ,0,0,1,1
자신은 어떻게든 성공할 것이라고 생각한다 ,0,0,1,1
감정적이기보다는 논리적이다 ,0,0,1,1
"엄격한 관리자  사업가형 구체적이고 현실적이고 사실적이며 활동을 조직화하고 주도해 나가는 지도력이 있다  실질적이고 현실감각이 뛰어나며 일을 조직하고 계획하여 추진시키는 능력이 있다  기계분야나 행정 분야에 재능을 지녔으며  체계적으로 사업체나 조직체를 이끌어 나간다  타고난 지도자로서 일의 목표를 설정하고  지시하고 결정하고 이행하는 능력이 있다  속단 속결하는 경향과 지나치게 업무 위주로 사람을 대하는 경향이 있으므로 인간 중심의 가치와 타인의 감정을 충분히 고려해야 한다  또 미래의 가능성보다 현재의 사실을 추구하기 때문에 현실적  실용적인 면이 강하다 
",0,1,1,0
감정이 잘 드러나 직설적인 언어로 표현한다 ,0,1,1,0
모든 게 제자리에 있어야 하며 계획이 틀어지는 것을 싫어한다 ,0,1,1,0
리더 역할을 선호하지는 않으나 막상 맡으면 잘한다 ,0,1,1,0
논리적  분석적 객관적이며 분명한 규칙을 중요시하고 그에 따라 행동하고 일을 추진하고 완성한다 ,0,1,1,0
정치 성향 면에서 중도 성향이 최하위  보수주의 성향은 가장 강한 것으로 나타났다   ,0,1,1,0
고집이 있지만 논리적으로 긍정하게 되면 더 이상 고집을 피우지 않는다  ,0,1,1,0
호불호가 확실하다 ,0,1,1,0
일을 잘해 놓고도 존경받는 일이 드물 수 있다  (때로 성격이 너무 직설적이라 아랫사람  주변사람하고 갈등이 있다 ),0,1,1,0
집단에서 분위기 보다는 목적 의식을 중요시한다 ,0,1,1,0
경영자적인 재질  가지고 있는것을 적절하게 활용하는데 탁월한 자질을 지녔다  (이들의 높은 지능과 재능은 경영자적인 능력으로 나온다 ),0,1,1,0
한 번 시작한 일을 철저하게 뿌리 뽑는다 ,0,1,1,0
전철을 탈 때도 어느 칸에 타야 갈아타기 편한지 계산하고 탄다 ,0,1,1,0
예약과 계획의 생활화,0,1,1,0
독창력  창의력이 부족하다  다만 자기 분야에 대해서는 어느 정도 경험만 쌓이면 그 경험을 바탕으로한 실용성 있는 발상을 해내는데에 있어선 제한적으로 창의적인 면모가 드러나곤 한다  ,0,1,1,0
매우 진취적이고 혁신적이며  현실적인 도전정신이 강한 야심가다  상당히 출세지향적이다 ,0,1,1,0
여유로우면 불안하다 ,0,1,1,0
남의 말에 공감하는 척하지만 속으론 상황판단 한다 ,0,1,1,0
말과 걸음이 빠르다 ,0,1,1,0
외로움을 별로 타지 않는다 ,0,1,1,0
지배하려는 성격이 있어도 양보는 잘 하지 않는다  ,0,1,1,0
감동시키기보다는 이해시키길 원한다 ,0,1,1,0
싸움을 싫어하지만 싸워서 지는 것도 싫어한다 ,0,1,1,0
가만히 있으면 피곤하다 ,0,1,1,0
"사교적인 외교관 친선도모형  동정심이 많고 다른 사람에게 관심을 쏟고 인화를 중시한다  타고난 협력자로서 동료애가 많고 친절하며 능동적인 구성원이다  이야기하기를 즐기며 정리 정돈을 잘하고 참을성이 많고 다른 사람들을 잘 도와준다  사람을 다루고 행동을 요구하는 분야  예를 들면 교직  성직  판매 특히 동정심을 필요로 하는 간호나 의료 분야에 적합하다  일이나 사람들에 대한 문제에 대하여 냉철한 입장을 취하기 어려워한다  반대 의견에 부딪혔을 때나 제 요구가 거절당했을 때 마음의 상처를 받는다 
",0,1,0,0
신나고 재미있는 성격이다 ,0,1,0,0
모든 MBTI 유형 중 외향 성향이 ESFP와 함께 가장 강한 편이다 ,0,1,0,0
즐거움을 추구한다 ,0,1,0,0
스트레스를 받으면 누구를 만나야 한다 ,0,1,0,0
강의 때 고개를 제일 많이 끄덕여 강사를 즐겁게 한다 ,0,1,0,0
준비성이 철저하며  참을성이 많고 타인을 잘 돕는다 ,0,1,0,0
남에게 동조하는 경향이 뛰어나며 사람들과의 상호 활동에서 기력이 생긴다 ,0,1,0,0
타인의 인정을 받는 것에 아주 민감하다 ,0,1,0,0
보수적이며  좋은 음식을 좋아하고  봉사를 좋아하며 재물을 모으는 것을 즐긴다 ,0,1,0,0
INTP Lover가 많다  ,0,1,0,0
INTP성격유형에 주로 많이 끌리며 매우 높은 관심과 애정을 가진 경우가 많다  외국 커뮤니티 설문조사에서 ESFJ가 좋아하는 유형 1위가 INTP로 투표되었다 ,0,1,0,0
소시오닉스에서 INTP와 ESFJ가 진실한 사랑을 하는 천생연분 관계로 알려져 있으며 천생연분을 알아보는지 서로에게 매력을 느껴 연애를 자주 한다 ,0,1,0,0
자신이 존경하는 사람이나 물건을 이상화하는 경향이 있다 ,0,1,0,0
집단의 일이나 목적을 개인의 것보다 앞세운다 ,0,1,0,0
주변 사람들에게 애정을 쏟으며 그들에게 선물하는 것을 좋아한다  (환경과 자신의 경제능력에 따라 갈린다 ),0,1,0,0
조화와 균형을 중요시한다 ,0,1,0,0
싫은 소리하기 싫어한다 ,0,1,0,0
사람들 사이에서 중재자 역할을 잘한다 ,0,1,0,0
리액션이 좋은 편이다 ,0,1,0,0
1대 1보다는 다수 속에 있어야 좋다 ,0,1,0,0
아무 생각 없이 멍 때리기를 잘한다 ,0,1,0,0
한 번 생활습관이나 버릇을 들이면 잘 못 바꾼다 ,0,1,0,0
생각보다 굉장히 철저하고 현실주의적이다  하지만 남들에게 싫은 소리를 잘 안 하고 대부분 맞춰주기 때문에 겉으로는 티가 나지 않을 수 있다  화가나도 웬만하면 묵묵히 참아주는 편이다 ,0,1,0,0
예의 없는 사람  남들 무시하는 사람을 굉장히 싫어한다 ,0,1,0,0
뉴스를 안 보더라도 가십거리가 될 만한 것은 챙겨둔다 ,0,1,0,0
남들 챙기는 것을 좋아한다  좋아하는 편에 속하지만 챙겨야 하는 책임감 때문에 어쩔 수 없이 챙길 때도 많다  (술자리에서 싫어하는 친구가 많이 취했을 때 챙기는 경우를 예로 들 수 있다 ),0,1,0,0
진지한 이야기보다 가벼운 이야기를 주로 한다 ,0,1,0,0
가벼운 이야기를 주로 하는것과는 다르게 사람 자체는 진지한 면이 있다 ,0,1,0,0
자기주장이 강하진 않다 ,0,1,0,0
남의 말에 ‘아 이건 아닌 것 같은데’하면서도 겉으로는 ‘맞아 맞아 ’ 하는 유형 ,0,1,0,0
공감 능력이 좋다  진심으로 공감되지 않더라도 적당히 상대방의 기분에 맞춰주는 ‘가식적인’ 공감을 잘 해준다 ,0,1,0,0
윗 글처럼 처음에는 공감 되지 않던 타인의 주장을 들으며 가식적인 공감을 하다가도 “오 이 말도 일리가 있는데 ” 하며 설득 당하는 경우도 잦다 ,0,1,0,0
싫어하는 사람에게도 겉으로 티 내지 않고 적당히 지낼 수 있다 ,0,1,0,0
다 받아주다 보니 진짜 친구  가짜 친구에 대해 구별 하는 법과 같은 인간관계 고민을 하는 경우도 있다  (인간관계 현타),0,1,0,0
행동보다 말이 앞선다거나 뜬구름 잡는 소리를 하는것을 한심하게 생각하지만 겉으론 잘 받아준다 ,0,1,0,0
역지사지를 잘한다 ,0,1,0,0
타인을 진심으로 이해하기 힘들 경우 '그럴 수 있지' 라는 마음으로 넘어갈 가능성이 크다 ,0,1,0,0
무례하거나 융통성 없이 사사건건 따지려 드는 사람을 피곤하게 여긴다  사회성 없는 사람을 싫어한다 ,0,1,0,0
기본적으로 친절하다  사회생활을 잘하는 유형 ,0,1,0,0
거짓말을 잘 안 한다  솔직한 편이다 ,0,1,0,0
현실주의자 ,0,1,0,0
관심 있는 것에 기억력이 굉장히 좋다 ,0,1,0,0
한번 좋아하면 혼신을 다한다 ,0,1,0,0
친구들이 두루두루 많은 편이다 (그러다보니 그만큼 이상한 사람들도 많이 붙는다 ),0,1,0,0
엄청 생각한다  말 한 마디에도 머리 굴린다 ,0,1,0,0
말을 조심히 하는 편에 속한다,0,1,0,0
세상 물정에 밝다 ,0,1,0,0
옳고 그름을 날카롭게 구분한다  하지만 주위 분위기를 살피며 그에 따라 행동한다 ,0,1,0,0
눈치가 굉장히 빠른 편이다  (타인에 관련 된 것엔 눈치가 빠르나  자기 자신과 관련 된 것에는 둔한 경우도 많다 ),0,1,0,0
동정심이 강하고 다 같이 사이좋게 지내는 것을 추구하기 때문에 약자를 잘 도와준다 ,0,1,0,0
한 번 깊은 관계를 맺은 사람들은 절대 배신하지 않는다 ,0,1,0,0
한 번 아니면 절대 아니다 (인간관계  사물의 판단이든),0,1,0,0
돈보다는 명예를 추구하는 편이다 ,0,1,0,0
예의가 바르고 친절해 어느 곳에서도 빠르게 적응하는 편이다 ,0,1,0,0
참을성이 있다 ,0,1,0,0
자연스럽게 분위기를 주도하거나 리더 역할을 맡는 경우가 많다 ,0,1,0,0
승부욕이 생기면 주체가 안된다 ,0,1,0,0
변치 않는다  한번 시작하면 끝을 본다 ,0,1,0,0
자존감이 높은 편이다  그러나 딱히 티를 내지는 않는다 ,0,1,0,0
자신이 옳다 생각되는 일들에 보수적이다 ,0,1,0,0
이성을 볼 때도 첫 눈에 반해서 좋다기 보다는 그 사람이 어떤 사람인지 철저하게 알아보고 괜찮은 사람이다 생각되면 좋아한다 ,0,1,0,0
그래서 그런지 엄청 잘생기고 예쁜 것을 원하지는 않지만 어디 하나 빠지지 않는 상대를 원한다 ,0,1,0,0
완벽주의 기질이 약간 있다 ,0,1,0,0
남들을 잘 챙기고 부탁에 거절을 잘 안 하는 것도 맞지만 이렇게 하면서 자신의 이득도 잘 챙긴다 (남 생각 하다가 자기를 못 챙기는 경우도 많다 ),0,1,0,0
자기 이야기를 많이 하고 잘 한게 있으면 동네방네 떠들고 다니지만 분위기를 띄우고 재밌게 만들고 싶어서 말하는 편이고 진짜 크거나 중요한 일은 그 누구에게도 절대 말 하지 않는다 ,0,1,0,0
이 유형이 “비밀 지키겠다” 라고 말 한다면 믿어도 된다  정말 절대 그 비밀에 대해 말을 안 하기 때문이다 (사람 특성과 환경에 따라 다름 하지만 대부분은 입이 무겁다 ),0,1,0,0
긍정적이고 낙천적인 편이다 ,0,1,0,0
지금 자신의 위치와 생활에 만족하면서 살아간다 (삶의 만족도가 가장 높은 상대적으로 행복한 성격중에 하나다 ),0,1,0,0
정이 굉장히 많다  그래서 그런지 주변 사람들 대부분을 굉장히 긍정적으로 평가하고 자신을 배신했거나 싸운 사람들도 그럴만한 이유가 있었겠지 하면서 이해하는 편이다 ,0,1,0,0
이 유형 사람들이 '누구의 이런 면이 별로야 ' '이렇게 행동했으면 좋겠어 ' 식의 어투가 아닌 '나 얘 진짜 싫어 '라고 확실하게 말했다면 그 사람은 정말 싫은거다 ,0,1,0,0
사람을 잘 싫어하지 않는데  이 유형의 사람이 누군가를 싫어한다면 그 사람은 이미 모두가 싫어하는 사람이다 ,0,1,0,0
말이 많고 말도 잘 한다  면접과 같은 상황들에 강하다 ,0,1,0,0
사람들 이름과 얼굴을 잘 기억하고 잘 구분한다 ,0,1,0,0
알고 보면 입이 굉장히 무거운 유형 중 하나이다 ,0,1,0,0
책임감 있고 성실해 학창 시절 큰 문제 없이 잘 지내는 편이다 ,0,1,0,0
이 유형의 사람들은 즉흥적으로 한 행동은 후회하는 경우가 많다  유튜브를 보고 헬스장을 끊거나 새해라고 금주를 다짐하면 3일 이내에 실패함  철저히 계획 후에 행동하는 것이 더 동기부여 되는 유형,0,1,0,0
낯을 가리지는 않지만 확실히 친해지기 전까지는 자신을 다 보여주지 않는 면이 있다 (자신은 낯을 가린다고 생각하지만 주위에서 아무도 믿어주지 않는다 사실 낯 가린다는 표현과는 거리가 먼 유형이다 ),0,1,0,0
오지랖이 매우 넓은 편으로 ISTP ISFP등 개인적인 성향이 강한 유형은 ESFJ가 때로 부담스러울 수 있다 ,0,1,0,0
굉장히 사교적인 타입이지만 조용하다고 평가 받을수도 있다  하지만 조용하다는 평가를 받는 것은 매우 드문 일 ,0,1,0,0
본인은 맞춤법이나 띄어쓰기를 잘 지키려고 노력하지만  문법나치처럼 남의 맞춤법 실수를 지적하지는 않는다  다만  상대가 먼저 물어볼 경우에는 본인이 알고 있는 범위 내에서 최선을 다해 설명한다 ,0,1,0,0
정의로운 사회운동가 / 언변능숙형  따뜻하고 적극적이며 책임감이 강하고 사교성이 풍부하고 동정심이 많다  상당히 이타적이고 민첩하고 인화를 중요시하고 참을성이 많다  다른 사람들의 생각이나 의견에 진지한 관심을 가지고 공동선을 위하여 다른 사람의 의견에 대체로 동의한다  현재보다는 미래의 가능성을 추구하며 편안하고 능란하게 계획을 제시하고 집단을 이끌어 가는 능력이 있다  때로 다른 사람들의 좋은 점을 지나치게 이상화하고 맹목적 충성을 보이는 경향이 있으며 다른 사람들에 대해서도 자기와 같을 것이라고 생각하는 경향이 있다 ,0,0,0,0
국내에서 가장 적은 유형이다 ,0,0,0,0
마음이 약하고 남의 의견에 동화를 잘하는 편이다 ,0,0,0,0
사람을 좋아하고 남에게 잘 맞춘다 ,0,0,0,0
말로 표현을 잘하고 생각이나 마음을 잘 연다 ,0,0,0,0
적극적이고 추진력이 강하다 ,0,0,0,0
좀 어렵게 생각되는 일도 되는 쪽으로 몰고 간다 ,0,0,0,0
일의 결과보다는 사람과의 인화를 더 중요시하는 편이다 ,0,0,0,0
사전 계획을 세우고 그에 따라 행하고자 한다 ,0,0,0,0
화가 나면 겉으로 표현하지 않고 묵묵히 참아낸다  정말 감정적으로 화를 냈다면 정말 누구든지 화를 낼 수준의 도 넘는 행동을 했다는 뜻 ,0,0,0,0
걱정이 매우 많으나 티를 잘 내지 않는다 ,0,0,0,0
타인에게 무척 사교적이지만 집에 있는 아이들에게는 안 그럴 수 있다 ,0,0,0,0
상처를 매우 잘 받고  오랜 시간 가슴 아파한다 ,0,0,0,0
현실보다는 더 나은 삶 이상을 추구한다 ,0,0,0,0
맺고 끊는 것이 분명하지 못하다  그러나 자신에게 정이 없는 사람에게는 맺고 끊음이 분명하다 ,0,0,0,0
정  눈물  동정심이 많다  특히 정이 너무 많아서 가끔은 문제다 ,0,0,0,0
상대방의 말  특히 비판에 민감하다 ,0,0,0,0
사람다움을 섬기기 위해서 또는 세계 평화를 위해서 등의 이유로 세상을 살아간다 ,0,0,0,0
갈등을 싫어한다 ,0,0,0,0
호기심이 많아 어떤 일이든지 직접 해봐야 직성이 풀린다 ,0,0,0,0
꿈이 여러 개인 경우가 많다 ,0,0,0,0
더 나은 세상을 만들기 위해 앞장서서 세상을 이끄는 것을 좋아한다 ,0,0,0,0
어떤 일이든지 비판적인 시각보다는 긍정적으로 보려는 시각이 강하다 ,0,0,0,0
자기관리에 철저하다 ,0,0,0,0
사람에 대해 맹목적 이상화 경향이 있다 ,0,0,0,0
타인에게는 관대하지만 본인에게는 매우 엄격하다 ,0,0,0,0
타인에게 인정과 칭찬을 받는 일에서 열중할 수 있다 ,0,0,0,0
사람을 위해 봉사하는 분야에 능력이 있다 ,0,0,0,0
정의로운 편이라 누가 억울해 하거나 약한 사람이 당하는 것을 못 참는다 ,0,0,0,0
사람과 사람을 잘 엮는다 ,0,0,0,0
감정의 기복이 심하다 ,0,0,0,0
거절을 잘 못하는 편이고 상대방을 지나치게 배려하거나 타인의 필요(니즈)를 지나치게 생각한다 ,0,0,0,0
모든 사람에게 사랑받고 싶어한다 ,0,0,0,0
본인이 어려움에 처했을 때  도움을 요청하지 못하는 경우가 많다  본인이 사랑하는 사람에게 짐을 지우기를 싫어하기 때문이다 ,0,0,0,0
다른 사람들과 별 어려움 없이 잘 어울리며  특히 사람들과 직접 얼굴을 보고 의사소통하는 것을 좋아한다 ,0,0,0,0
타인의 문제를 본인의 문제처럼 여기고 지나치게 관여하는 경우가 많다 ,0,0,0,0
남이 나서지 않은 일을 도맡아서 하려고 한다 ,0,0,0,0
오지랖이 넓은 편이다 ,0,0,0,0
무리에 속해 있는 것을 좋아하나 마이웨이 기질이 있다 ,0,0,0,0
타인의 성장을 돕고 옆에서 영향을 미칠 때 보람을 느낀다 ,0,0,0,0
임기응변이 능하다 ,0,0,0,0
타인이 이해하지 못하는 말을 할 때가 많다 ,0,0,0,0
24시간 7일동안 골든리트리버와 같은 체력을 보유하고 있다 (심지어 아플 때도),0,0,0,0
"대담한 통솔자 지도자형  열성이 많고 솔직하고 단호하고 지도력과 통솔력이 있다  활동적이고 솔직하며  결정력과 통솔력이 있고  장기적 계획과 거시적 안목을 선호한다  지식에 대한 욕구와 관심이 많으며 특히 지적인 자극을 주는 새로운 아이디어에 높은 관심을 가졌다  일 처리에 있어 사전준비를 철저히 하며 논리 분석적으로 계획하고 조직하여 체계적으로 추진해 나가는 형이다  다른 사람의 의견에 귀를 기울일 필요가 있으며  자신과 타인의 감정에 충실할 필요가 있다 
",0,0,1,0
조직적  체계적  계획적이다 ,0,0,1,0
일은 일대로 하고 욕은 욕대로 먹을 수 있다 ,0,0,1,0
너무 완벽을 추구하기 때문에 남이 비집고 들어갈 틈이 없다 ,0,0,1,0
상상을 많이 한다 ,0,0,1,0
대부분은 혼자 있는 것을 싫어하는 편이다 ,0,0,1,0
인간 교류를 할 때 감정 교류보단 아이디어를 나누고 협력해서 이루는 것을 좋아한다 ,0,0,1,0
고집이 센 것처럼 보이지만 내 생각이 잘못된 것이 확인되면 바로 수긍한다 ,0,0,1,0
호기심이 많다 ,0,0,1,0
지적 욕구가 강하다 ,0,0,1,0
감정 표현이 솔직해서 타인이 상처를 받을 수 있다 ,0,0,1,0
사람보다 일을 중시한다 ,0,0,1,0
가까운 사람에게 헌신적이지만 멀어지면 뒤돌아보지 않는다 ,0,0,1,0
가장 좋아하는 사람은 일 잘하는 사람 ,0,0,1,0
항상 계획을 하고 실행한다 ,0,0,1,0
일상적인 반복되는 일을 싫어한다 ,0,0,1,0
변화 있는 생활을 즐긴다 ,0,0,1,0
어려운 일을 만나도 자극이 되어 쉽게 처리한다 ,0,0,1,0
지적 능력 향상에 노력하고자 한다 ,0,0,1,0
권위적이지 않고 아랫사람들하고 의논도 잘한다  오히려 부조리하고 비합리적인 것을 혐오한다   ,0,0,1,0
반면 자신이 아랫사람이 되는 걸 싫어한다 ,0,0,1,0
자기 주관이 가장 확고하기 때문에 꼰대들에게 가장 많이 저항하는 유형으로 알려져 있다 ,0,0,1,0
미래에 대한 꿈이 크다 ,0,0,1,0
솔직하고 결단력  통솔력이 있으며 거시적 안목으로 일을 추진해 나간다 ,0,0,1,0
일이 틀어지느니 미운털 박히고 말 것이다 ,0,0,1,0
효율을 중요시한다 ,0,0,1,0
 조용하며 진지하다,1,1,1,0
 정확하며 절약정신이 있다,1,1,1,0
 안정성을 추구한다,1,1,1,0
 인정받기를 좋아한다,1,1,1,0
 약속을 중시하는 경향이 있다,1,1,1,0
 총명한 편이다,1,1,1,0
 광범위한 분야에 재능이 있다,1,1,1,0
 금욕적인 삶을 추구한다,1,1,1,0
 의도치 않게 타인에게 상처를 준다,1,1,1,0
 명확한 가이드라인을 원한다,1,1,1,0
 허세나 과장이 없다,1,1,1,0
 조용하고 과묵한 성격이다,1,1,1,0
 모험을 싫어한다,1,1,1,0
 평화를 지향한다,1,1,1,0
 자신의 본분을 다한다,1,1,1,0
 무엇을 해야하는지 정확히 알아야한다,1,1,1,0
 학교생활에 잘 적응한다,1,1,1,0
 낯선 환경을 싫어한다,1,1,1,0
 변화와 방해도 싫어한다,1,1,1,0
 일관성이 있다는 말을 자주 듣는다,1,1,1,0
 남들보다 더 성숙하다고 느낀다,1,1,1,0
 소속감이 강하다,1,1,1,0
 대인관계에 맺고 끊음이 확실하다,1,1,1,0
 현실적이다,1,1,1,0
 창의성이 부족하다,1,1,1,0
 조직관리를 잘한다,1,1,1,0
 가부장적인 면이 있다,1,1,1,0
 무절제하고 도전적인 사람을 싫어한다,1,1,1,0
 헌신적이다,1,1,0,0
 현모양처,1,1,0,0
 사랑스럽다,1,1,0,0
 매너가 넘친다,1,1,0,0
 의무와 헌신으로 똘똘 뭉쳤다,1,1,0,0
 안정적인 삶을 추구한다,1,1,0,0
 타인을 보살피는 걸 좋아한다,1,1,0,0
 잘난척 하는 사람들을 혐오한다,1,1,0,0
 예측이 가능한 일을 선호한다,1,1,0,0
 준비가 되어 있어야 한다,1,1,0,0
 갈등을 기피한다,1,1,0,0
 비판과 비난은 나를 힘들게 한다,1,1,0,0
 과거에 받은 상처를 잘 잊지 못한다,1,1,0,0
 높은 지위를 부담스러워 한다,1,1,0,0
 일관성을 지향한다,1,1,0,0
 평화로운 일상이 최고다,1,1,0,0
 변화를 기피한다,1,1,0,0
 누군가가 자신을 필요로 할 때 행복을 느낀다,1,1,0,0
 화를 잘 내지 못한다,1,1,0,0
 법과 규칙을 준수한다,1,1,0,0
 빈말인지 알아도 들이면 기분이 좋다,1,1,0,0
 참을성이 굉장히 높다,1,1,0,0
사람과의 깊은 관계를 선호한다,1,0,0,0
 고요한 마음으로 사물과 현상을 관찰한다,1,0,0,0
 영감과 교감이 뛰어나다,1,0,0,0
 목적이 없는 행동은 하지 않는다,1,0,0,0
 이상적이다,1,0,0,0
 결단력이 있다,1,0,0,0
 상상력과 창의력이 뛰어나다,1,0,0,0
 예민하다,1,0,0,0
 완벽주의자이다,1,0,0,0
 혼자만의 시간은 꼭 필요하다,1,0,0,0
 목표를 완수하고 나면 에너지가 방전된다,1,0,0,0
 다소 고집스런 면모도 있다,1,0,0,0
 굉장한 로맨티스트이다,1,0,0,0
 타인에게 동기부여를 잘해준다,1,0,0,0
 갑작스런 변화는 나를 화나게 만든다,1,0,0,0
 비유법을 자유자재로 사용한다,1,0,0,0
 주의가 산만한 편이다,1,0,0,0
 모든 것에 심사숙고 하는 편이다,1,0,0,0
 타인과의 완만한 관계를 유지한다,1,0,0,0
 개인적이고 비유적인 소통을 선호한다,1,0,0,0
 진정성을 추구하고 모순 해결에 노력한다,1,0,0,0
 신뢰가 없다면 마음을 열지 않는다,1,0,0,0
 냉랭한 성격을 가지고 있다,1,0,1,0
 냉철한 판단과 자신의 이성을 믿는다,1,0,1,0
 자신감이 높다,1,0,1,0
 독립적이며 확고하다,1,0,1,0
 자신의 일에 열정적이다,1,0,1,0
 단호한 성격이다,1,0,1,0
 개방적이다,1,0,1,0
 아는 것이 많은 편이다,1,0,1,0
 오만하다는 소리를 듣는다,1,0,1,0
 타인에 대한 공감능력이 떨어진다,1,0,1,0
 창의적이며 전략적인 사고가 빠른 편이다,1,0,1,0
 어떤 것에 대해 먼저 의심부터 해본다,1,0,1,0
 권위나 지위에 복종하지 않는다,1,0,1,0
 토론을 논리적으로 잘하는 편이다,1,0,1,0
 말다툼을 하면 꼭 이겨야 직성이 풀린다,1,0,1,0
 타인과 친해지기 어렵다,1,0,1,0
 자신만의 공간이 필요하다,1,0,1,0
 자신의 내면의 힘을 믿는다,1,0,1,0
 난관을 도전적으로 받아드린다,1,0,1,0
 복종하지는 않지만 그래도 규칙은 준수하는 편이다,1,0,1,0
 사생활을 철저하게 보호한다,1,0,1,0
 타인보다는 자기자신에 대한 비판과 칭찬이 중요하다,1,0,1,0
 일관성  합리성  실용성을 증명하기 좋아한다,1,0,1,0
 현실을 부정하는 마음이 있다,1,0,1,0
 현실은 인위적이며 날조된 것이라고 생각하는 편이다,1,0,1,0
 정서적으로 실수가 잦은 편이다,1,0,1,0
 비전을 세우고 계획하길 좋아한다,1,0,1,0
 자신의 욕망까지 연구하는 경향이 있다,1,0,1,0
 연애을 어려워한다,1,0,1,0
 독립성이 높다,1,1,1,1
 타인을 의심하지 않고 관대한 편이다,1,1,1,1
 치열한 경쟁력을 가지고 있다,1,1,1,1
 직접 탐험해야 직성이 풀린다,1,1,1,1
 모든 사람은 평등하다고 생각한다,1,1,1,1
 권위를 거부한다,1,1,1,1
 지루한 일은 절대 하기 싫다,1,1,1,1
 분리하고 다시 조합하는걸 좋아한다,1,1,1,1
 타인에게 신뢰받는 것을 선호한다,1,1,1,1
 호기심이 많다,1,1,1,1
 엄격한 규칙은 나에가 강한 스트레스를 준다,1,1,1,1
 오랜시간 경청하기 힘들다,1,1,1,1
 외적인 자극을 추구하는 편이다,1,1,1,1
 변덕스러운 편이다,1,1,1,1
 여행이나 익스트림 스포츠를 좋아한다,1,1,1,1
 다소 비논리적이다,1,1,1,1
 자신의 운명을 시험하는 경향이 있다,1,1,1,1
 스릴을 즐긴다,1,1,1,1
 위험 감지 능력이 떨어져 다친적이 많은 편이다,1,1,1,1
 언어에 약한 모습을 보인다,1,1,1,1
 뭐든 일단 실행해본다,1,1,1,1
 승부를 좋아한다,1,1,1,1
 약속을 싫어하는 편이다,1,1,1,1
 이론보단 몸으로 직접 배우는 것을 선호한다,1,1,1,1
 학교를 다니기 힘들어 한다,1,1,1,1
 타인보다 예술적 감각이 높은 편이다,1,1,0,1
 현실감각이 발달하였다,1,1,0,1
 단순하게 생각하는 편이다,1,1,0,1
 쉽게 상처받는다,1,1,0,1
 까다롭고 섬세한 마음을 가졌다,1,1,0,1
 하지만 따뜻한 마음과 겸손하다,1,1,0,1
 규칙은 준수하는 편이지만 가끔 잊어버린다,1,1,0,1
 감각이 예리하다,1,1,0,1
 집착하지 않는다,1,1,0,1
 자신의 감각을 표현해야 한다,1,1,0,1
 체벌은 정말 혐오한다,1,1,0,1
 모든 것은 감각으로 느껴봐야한다,1,1,0,1
 타인의 고통에 깊이 공감하며 민감하다,1,1,0,1
 자유롭고 모험적이다,1,1,0,1
 자극적인 것을 선호한다,1,1,0,1
 소중한 사람들과 시간을 보내는걸 좋아한다,1,1,0,1
 동료애가 높은 편이다,1,1,0,1
 평등을 추구한다,1,1,0,1
 외로움과 고독을 쉽게 느낀다,1,1,0,1
 예술의 형태로 자기를 표현한다,1,1,0,1
 자연을 좋아하는 편이다,1,1,0,1
 자신에게 소중한 사람들을 알아보지 못한다,1,1,0,1
 좋은 사람과 나쁜 사람을 구별하기 힘들어 한다,1,1,0,1
 학교는 정말 지루하기 짝이 없다,1,1,0,1
 영리한 편에 속한다,1,1,0,1
 티비와 게임을 좋아하는 편이다,1,1,0,1
 지나치게 꼼꼼하게 살펴보는 몇 가지가 있다,1,1,0,1
 올바른 행동을 하고자 한다,1,1,0,1
 아름다움을 제대로 이해하고 있다,1,1,0,1
 자신의 의견과 충돌한다면 타인에게 상처주는 일도 서슴없이 한다,1,1,0,1
 로맨틱하며 이성적이다,1,0,0,1
 깊은 열정을 지니고 있다,1,0,0,1
 한결같은 삶을 지향한다,1,0,0,1
 약속은 꼭 지키는 편이다,1,0,0,1
 이상적인 삶에 대한 공상을 많이 하는 편이다,1,0,0,1
 직관력에 많이 의지한다,1,0,0,1
 감정이 풍부하며 섬세하다,1,0,0,1
 사랑을 위해 목숨도 바칠 수 있다,1,0,0,1
 편지를 좋아한다,1,0,0,1
 쉽게 산만해진다,1,0,0,1
 쉽게 지루함을 느껴 이것저것 하는 편이다,1,0,0,1
 타인에게 감동을 주는 게 어렵지 않다,1,0,0,1
 타인의 표정을 잘 읽는다,1,0,0,1
 시간 내에 목표를 완수하기 어렵다,1,0,0,1
 발등에 불이 떨어져야 한다,1,0,0,1
 타인과 다소 잘 지내는 편이지만 마음의 벽이 있다,1,0,0,1
 논리가 다소 부족하다,1,0,0,1
 겉으론 차가워 보인다,1,0,0,1
 보수적인 기질이 있다,1,0,0,1
 매우 조용하고 진지한 면이 있다,1,0,0,1
 타인의 무감각함에 상처를 받는다,1,0,0,1
 인간관계에 있어 방어적이다,1,0,0,1
 자신의 감정을 가장 정확하게 이해하는 유형이다,1,0,0,1
 엄격한 환경에선 쉽게 지루해진다,1,0,0,1
 불친절하며 협동심이 없다,1,0,1,1
 묵묵하고 내성적이다,1,0,1,1
 매우 객관적이다,1,0,1,1
 자신은 정직한 편이라고 생각한다,1,0,1,1
 솔직하지만 눈치가 없다,1,0,1,1
 최고의 건망증을 가지고 있다,1,0,1,1
 호기심으로 똘똘 뭉쳐있다,1,0,1,1
 현실성이 없는 공상을 즐긴다,1,0,1,1
 지루한 서론은 딱 질색이다,1,0,1,1
 잡다한 지식이 많다,1,0,1,1
 이해가 빠른 편이다,1,0,1,1
 머리가 좋은 편이라고 느낀다,1,0,1,1
 그래서 자뻑이 심하다,1,0,1,1
 아이디어가 매일 샘솟는다,1,0,1,1
 평범한 사람들과 자신은 다르다는 것을 느낀다,1,0,1,1
 규제와 억압을 증오한다,1,0,1,1
 모순을 잘 찾아낸다,1,0,1,1
 관심있는 것에 대해선 전문가이고 달변가이다,1,0,1,1
 관심없는 것에 대해선 무식하고 필요성도 못느낀다,1,0,1,1
 타인을 비꼬는 것을 좋아한다,1,0,1,1
 양보다는 질이다,1,0,1,1
 다양한 측면에서 관찰하고 정밀하게 분석한다,1,0,1,1
 사상과 시스템을 건축한다,1,0,1,1
 잡담을 싫어한다,1,0,1,1
 어떤 것에 빠져들면 폭탄이 떨어져도 모른다,1,0,1,1
 유형들 중에 머리 속이 제일 복잡하다,1,0,1,1
 그래서 머리속이 난장판이지만 그것을 즐긴다,1,0,1,1
 유형 중 가장 게으르다,1,0,1,1
 행동력이 부족하다,1,0,1,1
 비현실적이다,1,0,1,1
 타인에게 과소평가 당하지만 상관없다,1,0,1,1
 인생의 재미는 노는 것에 있다,0,1,1,1
 자유가 없다면 죽음을 달라,0,1,1,1
 항상 에너지가 넘친다,0,1,1,1
 쾌활한 성격이다,0,1,1,1
 농담을 즐겨한다,0,1,1,1
 미래  과거보단 현재에 충실하다,0,1,1,1
 명품을 선호하는 편이다,0,1,1,1
 자신이 기분파라고 느낀다,0,1,1,1
남들보다 세련되었다고 느낀다,0,1,1,1
 밀당의 고수이다,0,1,1,1
 조직적이며 단편적인 관계를 선호한다,0,1,1,1
 문제 해결력이 탁월하다,0,1,1,1
 실패한 사람은 인정하지 않는다,0,1,1,1
 인생은 즐겨야한다,0,1,1,1
 괴로움은 잠시 금세 즐거워진다,0,1,1,1
 퉁명스러운 편이다,0,1,1,1
 셈이 빠르고 영리한 편이다,0,1,1,1
 자신을 정당화하는 성향이 강하다,0,1,1,1
 한 자리에 머무는 것은 날 지루하게 만든다,0,1,1,1
 강렬한 호기심을 가지고 있다,0,1,1,1
 관습을 무시하는 경향이 있다,0,1,1,1
 모험을 사랑한다,0,1,1,1
 진행자 체질이라고 생각한다,0,1,1,1
 주의가 산만하다,0,1,1,1
 말을 잘하는 편이다,0,1,1,1
 눈치가 굉장히 빠른 편이다,0,1,1,1
 타고난 엔터테이너이다,0,1,0,1
 의리빼면 시체다,0,1,0,1
 차분한 사람을 좋아한다,0,1,0,1
 사교적이다,0,1,0,1
 화려한 걸 좋아한다,0,1,0,1
 편견이 없는 편이다,0,1,0,1
 다양한 인맥을 가지고 있다,0,1,0,1
 뜨거운 열정을 가지고 있다,0,1,0,1
 타인의 감정을 잘 읽어낸다,0,1,0,1
 제멋대로지만 내 인생은 즐겁다,0,1,0,1
 낙천적이다,0,1,0,1
 상대방에 대해 굉장히 관대하다,0,1,0,1
 용서를 잘해주는 편이다,0,1,0,1
 털털하다는 소릴 자주 듣는다,0,1,0,1
 상냥한 편이라고 생각한다,0,1,0,1
 다소 다혈질이다,0,1,0,1
 정이 너무 많아서 문제이다,0,1,0,1
 인내심이 부족한 편이다,0,1,0,1
 유혹에 약하다,0,1,0,1
 감격과 흥분을 잘한다,0,1,0,1
 실속없다,0,1,0,1
 독보적인 카리스마가 있다,0,0,0,1
 자유로운 영혼이다,0,0,0,1
 매력적이라고 느낀다,0,0,0,1
 인맥이 넓다,0,0,0,1
 사람과 사람사이의 미묘한 기를 잘 읽는다,0,0,0,1
 인간통찰이 뛰어나다,0,0,0,1
 의외로 감수성이 높다,0,0,0,1
 다방면에서 다재다능하다,0,0,0,1
 창조적 도전을 선호한다,0,0,0,1
 상상을 많이 편이다,0,0,0,1
 은근히 독립적인 활동을 좋아한다,0,0,0,1
 사람 관계를 조율한다,0,0,0,1
 반복되는 일이 싫다,0,0,0,1
 운명적인 만남을 믿는다,0,0,0,1
 명함 수집을 좋아한다,0,0,0,1
 타인을 설득하기 좋아하고 잘한다,0,0,0,1
 외로움을 잘 타지 않는다,0,0,0,1
 심각한 고민은 잘 하지 않는다,0,0,0,1
 소문을 믿는 편이다,0,0,0,1
 남들은 모르는 나만의 비전이 있다,0,0,0,1
 변덕스럽다,0,0,0,1
 섬세하고 민감해 마음의 상처가 많은 편이다,0,0,0,1
 마당발 스타일이며 참견하길 좋아한다,0,0,1,1
 타인보다 우월하다고 느낀다,0,0,1,1
 상상력이 풍부한 편이다,0,0,1,1
 두뇌회전이 빠른 편이다,0,0,1,1
 많은 지식을 원한다,0,0,1,1
 분석을 잘하는 편이다,0,0,1,1
 새로움을 추구한다,0,0,1,1
 반항심이 강하다,0,0,1,1
 카리스마가 있다,0,0,1,1
 고집이 세다,0,0,1,1
 임기응변이 뛰어나다,0,0,1,1
 미래를 앞서 대비한다,0,0,1,1
 추상적인 세계에 관심이 많다,0,0,1,1
 위기관리능력이 뛰어나다,0,0,1,1
 사람  조직의 문제점을 잘 파악한다,0,0,1,1
 문제점을 잘 고친다,0,0,1,1
 일 중독에 빠지기 쉽다,0,0,1,1
 아군도 많지만 적도 많이 만드는 스타일이다,0,0,1,1
 타인의 간섭을 싫어한다,0,0,1,1
 목적을 가장 중시한다,0,0,1,1
 뭐든 추진하는 것을 선호한다,0,0,1,1
 자신의 감정을 잘 표현하는 편이다,0,1,1,0
 화끈하다,0,1,1,0
 솔직하며 직설적이다,0,1,1,0
 약속이 없으면 왠지 불안하다,0,1,1,0
 혼자서 일하기 싫다,0,1,1,0
 논리적이며 분석적이다,0,1,1,0
 객관적인 판단을 중시한다,0,1,1,0
 규칙을 중요시 한다,0,1,1,0
 일을 추진함에 있어 게으름이란 없다,0,1,1,0
 주장이 강한 편이다,0,1,1,0
 사람 앞에 나서길 좋아한다,0,1,1,0
 고집이 있지만 논리적으로 자신의 잘못을 느끼면 수긍한다,0,1,1,0
 일을 굉장히 잘하는 편이다,0,1,1,0
 목적을 달성하려는 의지가 중요하다,0,1,1,0
 경영하는 것을 좋아한다,0,1,1,0
 계산이 빠르다,0,1,1,0
 한번 시작한 일은 단물이 싹 빠질때까지 한다,0,1,1,0
 계획적이다,0,1,1,0
 독창성과 창의력이 부족하다,0,1,1,0
 가만히 있는게 더 피곤하다,0,1,1,0
 뒤끝이 없는 편이다,0,1,1,0
 말이 빠른 편이다,0,1,1,0
 행동도 빠른 편이다,0,1,1,0
 양보를 잘 하지 않는다,0,1,1,0
 지배하려는 성향이 있다,0,1,1,0
 메모하는 습관이 있다,0,1,1,0
 타인을 이해시키는 것을 좋아한다,0,1,1,0
 자신의 방식을 고수한다,0,1,1,0
 자신감이 넘치는 편이다,0,1,1,0
 이득과 결과를 중요시한다,0,1,1,0
자신의 경험을 굳게 믿는다,0,1,1,0
 타인의 의견을 묵살하는 경향이 있다,0,1,1,0
 타인의 정서를 파악하기 힘들다,0,1,1,0
 타인과의 관계에서 에너지가 샘솟는다,0,1,0,0
 사교에서 나를 따라올 자는 없다,0,1,0,0
 갈등을 매우 싫어한다,0,1,0,0
 유순하다,0,1,0,0
 스트레스는 같이 풀어야한다,0,1,0,0
 헌신하는 편이다,0,1,0,0
 싹싹하다고 느낀다,0,1,0,0
 과거와 추억에 얽매인다,0,1,0,0
 외로움을 정말 많이 탄다,0,1,0,0
 조화로운 것을 선호한다,0,1,0,0
 해야 할것  하지 말아야 할 것이 뚜렷하다,0,1,0,0
 타인의 의견을 중시한다,0,1,0,0
 전통적 가치관을 선호한다,0,1,0,0
 대응 능력이 떨어진다,0,1,0,0
 지나치게 안정성을 추구한다,0,1,0,0
 타인에 대한 의존성이 강하다,0,1,0,0
 자신감이 부족하다,0,1,0,0
 지나친 헌신으로 상처를 입는다,0,1,0,0
 최악의 사태에 대한 걱정과 공포심이 있다,0,1,0,0
 타인과 자신이 공감하길 원한다,0,1,0,0
 타인에게 대리만족을 많이 느낀다,0,1,0,0
 조언을 듣는 것을 좋아한다,0,1,0,0
 인정과 칭찬을 정말 좋아한다,0,1,0,0
 타인의 비위를 정말 잘 맞춘다,0,1,0,0
타고난 달변가이다,0,0,0,0
 재치있게 말을 잘하고 유머러스하다,0,0,0,0
 천성적으로 밝은 편이다,0,0,0,0
 창의력이 높다,0,0,0,0
 타인에 대한 공감능력이 뛰어나다,0,0,0,0
 다른 이를 행복하게 해주고 싶다,0,0,0,0
 타인과 조화롭게 살고 싶다,0,0,0,0
 자신만의 강한 신념을 가지고 있다,0,0,0,0
 타인의 성장에 관심이 있다,0,0,0,0
 이상적인 사고를 가지고 있다,0,0,0,0
 모든 사람을 편견없이 수용할 수 있다,0,0,0,0
 자신만의 육감이 있다,0,0,0,0
 타인을 잘 다루는 편이다,0,0,0,0
 사려 깊다는 말을 자주 듣는다,0,0,0,0
 공상을 많이 하는 편이다,0,0,0,0
 홀로 남겨지면 너무 힘들다,0,0,0,0
 타인에게 상처주길 싫어한다,0,0,0,0
 타인의 감정에 민감하다,0,0,0,0
 비난은 받아드리기 힘들다,0,0,0,0
 애정결핍이 있는 것 같다,0,0,0,0
 모든 이에게 사랑받길 원한다,0,0,0,0
 필요없으면 버린다,0,0,1,0
 높은 야망이 있다,0,0,1,0
 독립적인 사고를 한다,0,0,1,0
 도전정신이 강하다,0,0,1,0
 책임감이 높다,0,0,1,0
 자신의 능력을 객관적으로 판단한다,0,0,1,0
 탁월한 논리적 사고를 가지고 있다,0,0,1,0
 타인의 감정표현이 불편하다,0,0,1,0
 후회하지 않는 편이다,0,0,1,0
 방해가 되면 제거한다,0,0,1,0
 자신의 경험을 중시한다,0,0,1,0
 증거 제시와 증명에 뛰어나다,0,0,1,0
 규칙 이행과 의무감이 다소 떨어진다,0,0,1,0
 요약을 잘한다,0,0,1,0
 자유를 선호한다,0,0,1,0
 전술  전략을 잘 짠다,0,0,1,0
 자신의 목표보다 더 욕심을 내는 편이다,0,0,1,0
 타인의 도움을 원하지 않는다,0,0,1,0
 스스로 해냈을 때 성취감이 높다,0,0,1,0
 타인의 의견을 다소 무시하는 편이다,0,0,1,0
 조직의 앞날을 개척한다,0,0,1,0
 분류와 일반화를 잘한다,0,0,1,0
 일이 무난하게 진행되는 것을 굉장히 좋아한다,0,0,1,0
 자신의 실수를 드러내기 싫어한다,0,0,1,0
 목표를 위해선 수단과 방법을 가리지 않는다,0,0,1,0
